日期,收盤價,開盤價,最高價,最低價
2010-01-04,34.30,34.00,34.40,33.90
2010-01-05,35.50,34.60,35.80,34.50
2010-01-06,36.25,35.50,36.40,35.40
2010-01-07,35.55,36.35,36.40,35.50
2010-01-08,35.40,35.55,35.80,35.15
2010-01-11,34.75,35.40,35.80,34.70
2010-01-12,34.55,34.75,35.25,34.30
2010-01-13,34.00,34.00,34.25,33.90
2010-01-14,34.20,34.50,34.50,34.10
2010-01-15,34.45,34.30,34.45,34.15
2010-01-18,34.20,34.20,34.40,34.10
2010-01-19,34.35,34.35,34.75,34.05
2010-01-20,34.00,34.45,34.50,34.00
2010-01-21,33.90,34.00,34.15,33.90
2010-01-22,31.80,33.55,33.65,31.55
2010-01-25,32.00,31.50,32.05,30.95
2010-01-26,30.40,32.00,32.20,30.00
2010-01-27,30.05,30.70,30.70,29.90
2010-01-28,30.50,30.20,30.95,30.20
2010-02-01,29.50,30.05,30.35,29.45
2010-02-02,29.55,30.00,30.20,29.30
2010-02-03,29.85,30.05,30.30,29.45
2010-02-04,29.95,29.85,30.05,29.60
2010-02-05,28.55,29.10,29.20,28.55
2010-02-06,28.45,28.60,28.70,27.65
2010-02-08,28.30,28.35,28.50,28.10
2010-02-09,28.80,28.15,29.20,28.15
2010-02-10,29.40,29.15,29.85,28.80
2010-02-22,29.80,29.75,30.25,29.75
2010-02-23,30.10,30.00,30.25,29.80
2010-02-24,30.40,30.00,30.55,29.85
2010-02-25,29.40,30.40,30.40,29.20
2010-03-01,30.10,29.85,30.50,29.60
2010-03-02,30.25,30.55,30.55,30.00
2010-03-03,30.40,30.40,30.75,30.30
2010-03-04,30.05,30.80,31.10,29.85
2010-03-05,29.95,30.35,30.60,29.65
2010-03-08,29.75,30.00,30.20,29.70
2010-03-09,29.70,29.75,29.90,29.60
2010-03-10,29.70,29.70,29.75,29.50
2010-03-11,29.65,29.85,29.90,29.65
2010-03-12,29.45,29.65,29.70,29.35
2010-03-15,29.20,29.60,30.20,29.20
2010-03-16,29.20,29.65,29.65,29.00
2010-03-17,29.40,29.60,29.70,29.15
2010-03-18,29.45,29.60,29.65,29.35
2010-03-19,29.85,29.65,29.85,29.40
2010-03-22,29.30,30.00,30.00,29.25
2010-03-23,29.05,29.45,29.50,29.05
2010-03-24,29.45,29.50,29.80,29.35
2010-03-25,29.55,29.55,29.70,29.25
2010-03-26,29.45,29.50,29.65,29.20
2010-03-29,30.00,29.50,30.00,29.45
2010-03-30,30.05,30.20,30.20,29.80
2010-04-01,29.95,30.00,30.15,29.90
2010-04-02,30.15,30.15,30.25,29.95
2010-04-06,30.05,30.20,30.25,30.00
2010-04-07,30.00,30.05,30.20,29.70
2010-04-08,29.60,30.00,30.15,29.50
2010-04-09,29.65,29.60,29.80,29.55
2010-04-12,29.80,30.00,30.15,29.70
2010-04-13,29.80,29.80,30.00,29.65
2010-04-14,29.85,29.90,30.00,29.65
2010-04-15,30.40,30.05,30.40,30.00
2010-04-16,30.05,30.50,30.55,30.00
2010-04-19,28.80,29.80,29.85,28.70
2010-04-20,28.60,29.00,29.10,28.55
2010-04-21,28.45,28.65,28.90,28.25
2010-04-22,28.10,28.35,28.35,28.00
2010-04-23,27.80,28.10,28.20,27.80
2010-04-26,28.80,28.20,28.85,28.20
2010-04-27,28.50,28.80,28.80,28.35
2010-04-28,28.20,27.90,28.35,27.90
2010-04-29,28.30,28.40,28.40,28.00
2010-05-03,28.30,28.30,28.45,27.85
2010-05-04,27.60,28.35,28.45,27.55
2010-05-05,26.30,26.90,26.90,25.70
2010-05-06,25.55,26.30,26.40,25.50
2010-05-07,25.40,24.60,25.40,24.60
2010-05-10,26.60,25.50,27.10,25.50
2010-05-11,26.20,26.80,27.05,26.20
2010-05-12,26.20,26.40,26.60,26.20
2010-05-13,26.90,26.70,27.00,26.50
2010-05-14,26.90,26.80,26.90,26.65
2010-05-17,26.30,26.65,26.70,26.10
2010-05-18,26.45,26.40,26.55,26.25
2010-05-19,27.10,26.35,27.10,26.15
2010-05-20,26.75,27.10,27.20,26.45
2010-05-21,25.95,26.05,26.15,25.60
2010-05-24,26.60,26.00,26.80,26.00
2010-05-25,25.50,26.10,26.35,25.50
2010-05-26,25.85,25.80,26.30,25.60
2010-05-27,26.85,26.40,27.10,26.00
2010-05-28,27.00,27.20,27.35,26.80
2010-06-01,27.35,27.30,27.45,27.05
2010-06-02,27.00,27.15,27.35,26.85
2010-06-03,27.25,27.40,27.40,27.15
2010-06-04,27.05,27.20,27.30,27.00
2010-06-07,26.65,26.20,26.85,26.20
2010-06-08,26.85,26.50,27.00,26.50
2010-06-09,26.80,27.15,27.15,26.75
2010-06-10,27.00,27.00,27.05,26.45
2010-06-11,27.30,27.20,27.45,27.15
2010-06-14,27.40,27.45,27.50,27.25
2010-06-15,27.60,27.40,27.65,27.30
2010-06-17,27.70,27.60,27.80,27.60
2010-06-18,27.80,27.90,28.00,27.50
2010-06-21,28.35,28.40,28.60,28.10
2010-06-22,28.40,28.30,28.50,28.20
2010-06-23,28.10,28.40,28.40,27.90
2010-06-24,28.10,28.00,28.10,27.80
2010-06-25,27.70,27.80,27.80,27.60
2010-06-28,27.60,27.75,27.90,27.60
2010-06-29,27.60,27.95,28.25,27.60
2010-07-01,27.00,27.20,27.20,26.90
2010-07-02,27.40,27.20,27.65,27.10
2010-07-05,28.20,27.60,28.30,27.25
2010-07-06,29.00,28.00,29.05,28.00
2010-07-07,28.55,29.00,29.00,28.50
2010-07-08,28.55,28.80,28.95,28.45
2010-07-09,28.95,28.55,29.00,28.55
2010-07-12,29.05,29.10,29.20,29.00
2010-07-13,28.85,29.05,29.15,28.85
2010-07-14,27.75,27.30,27.75,27.30
2010-07-15,27.50,27.75,27.75,27.50
2010-07-16,27.25,27.55,27.85,26.90
2010-07-19,27.30,27.00,27.30,26.75
2010-07-20,27.50,27.30,27.65,26.90
2010-07-21,27.35,27.60,27.65,27.20
2010-07-22,28.10,27.60,28.25,27.50
2010-07-23,28.50,28.35,28.70,28.10
2010-07-26,28.75,28.80,28.80,28.30
2010-07-27,28.35,28.65,28.80,28.35
2010-07-28,28.65,28.25,28.75,28.20
2010-07-29,29.35,28.80,29.50,28.50
2010-08-02,30.00,29.90,30.50,29.85
2010-08-03,30.30,30.40,30.40,29.85
2010-08-04,29.90,30.30,30.35,29.70
2010-08-05,29.30,29.80,29.95,29.00
2010-08-06,29.80,28.90,29.85,28.75
2010-08-09,30.25,30.40,30.50,30.25
2010-08-10,30.45,30.60,31.10,30.45
2010-08-11,30.40,30.55,30.70,30.30
2010-08-12,30.10,30.05,30.25,29.75
2010-08-13,29.90,30.00,30.10,29.35
2010-08-16,29.35,30.00,30.00,29.00
2010-08-17,28.90,29.35,29.35,28.80
2010-08-18,28.90,29.10,29.25,28.85
2010-08-19,28.75,29.00,29.10,28.65
2010-08-20,28.80,28.65,28.95,28.50
2010-08-23,30.10,29.00,30.40,29.00
2010-08-24,30.00,30.30,30.60,30.00
2010-08-25,29.30,30.00,30.00,29.15
2010-08-26,29.40,29.30,29.60,29.00
2010-08-27,29.70,29.80,29.80,29.45
2010-08-30,29.55,30.10,30.15,29.30
2010-09-01,30.00,29.50,30.10,29.50
2010-09-02,30.95,30.50,31.10,30.50
2010-09-03,31.80,31.00,31.80,31.00
2010-09-06,31.80,32.00,32.20,31.80
2010-09-07,31.30,32.00,32.00,31.20
2010-09-08,31.15,31.20,31.20,30.80
2010-09-09,31.25,31.55,31.55,30.90
2010-09-10,32.00,31.60,32.15,31.60
2010-09-13,32.80,32.50,32.95,32.50
2010-09-14,33.00,33.00,33.00,32.50
2010-09-15,32.90,33.00,33.00,32.30
2010-09-16,32.85,32.90,33.00,32.40
2010-09-17,32.60,32.90,32.95,32.45
2010-09-20,33.40,32.85,33.65,32.85
2010-09-21,33.30,33.60,33.80,32.80
2010-09-23,32.40,33.30,33.30,32.35
2010-09-24,32.30,32.40,32.60,32.00
2010-09-27,33.35,32.35,33.60,32.20
2010-09-28,33.95,33.30,33.95,33.00
2010-09-29,33.15,34.00,34.10,33.15
2010-10-01,33.45,33.30,33.55,32.90
2010-10-04,33.30,33.40,33.75,33.25
2010-10-05,33.25,33.20,33.30,32.85
2010-10-06,34.05,33.40,34.10,33.30
2010-10-07,34.90,34.10,35.20,33.70
2010-10-08,34.35,34.50,34.75,33.75
2010-10-11,33.80,34.45,34.80,33.70
2010-10-12,33.45,33.95,34.00,33.40
2010-10-13,33.50,33.55,33.90,33.35
2010-10-14,34.20,34.00,34.50,33.85
2010-10-15,33.75,34.50,34.50,33.65
2010-10-18,33.30,33.75,33.85,32.95
2010-10-19,32.60,33.30,33.30,32.50
2010-10-20,32.50,32.55,32.95,32.50
2010-10-21,33.00,32.55,33.10,32.35
2010-10-22,33.30,33.15,33.30,32.60
2010-10-25,33.25,33.30,33.65,33.00
2010-10-26,33.50,33.15,33.50,32.80
2010-10-27,33.05,33.50,33.55,32.65
2010-10-28,32.75,33.05,33.40,32.60
2010-11-01,33.00,32.60,33.15,32.60
2010-11-02,33.45,33.20,33.50,33.00
2010-11-03,34.10,33.60,34.20,33.60
2010-11-04,34.10,34.20,34.40,33.95
2010-11-05,33.90,34.25,34.30,33.60
2010-11-08,34.30,34.00,34.45,33.90
2010-11-09,34.10,34.40,34.50,34.00
2010-11-10,34.20,34.30,34.50,34.05
2010-11-11,33.80,34.20,34.30,33.65
2010-11-12,33.20,33.50,33.60,32.85
2010-11-15,32.25,33.15,33.15,32.00
2010-11-16,32.40,32.30,32.40,31.60
2010-11-17,32.20,32.00,32.35,32.00
2010-11-18,32.15,32.20,32.40,32.00
2010-11-19,31.90,32.40,32.45,31.75
2010-11-22,32.15,32.20,32.40,32.05
2010-11-23,31.65,32.10,32.20,31.50
2010-11-24,30.95,31.45,31.60,30.60
2010-11-25,31.45,30.70,31.45,30.50
2010-11-26,30.90,31.15,31.20,30.90
2010-11-29,31.00,31.40,31.40,30.95
2010-12-01,32.20,31.60,32.20,31.35
2010-12-02,32.30,32.60,32.65,31.95
2010-12-03,32.05,32.40,32.40,31.40
2010-12-06,32.00,32.05,32.10,31.65
2010-12-07,33.00,32.00,33.30,31.95
2010-12-08,33.55,33.00,34.05,32.80
2010-12-09,33.15,33.50,33.55,32.95
2010-12-10,33.15,33.05,33.30,33.00
2010-12-13,33.00,33.10,33.35,33.00
2010-12-14,32.70,33.00,33.15,32.55
2010-12-15,33.00,32.70,33.00,32.40
2010-12-16,32.70,33.00,33.00,32.50
2010-12-17,33.00,32.60,33.05,32.60
2010-12-20,32.65,32.95,32.95,32.45
2010-12-21,32.80,32.65,32.80,32.45
2010-12-22,32.80,32.85,32.95,32.60
2010-12-23,33.40,32.80,33.75,32.65
2010-12-24,32.75,32.85,33.00,32.65
2010-12-27,32.40,32.50,32.70,32.15
2010-12-28,32.25,32.40,32.45,32.10
2010-12-29,32.45,32.25,32.45,32.00
2010-12-30,32.45,32.25,32.60,32.25
2011-01-03,33.40,32.95,33.40,32.80
2011-01-04,33.15,33.60,33.65,33.00
2011-01-05,32.40,33.50,33.60,32.25
2011-01-06,32.40,32.50,32.60,32.15
2011-01-07,32.10,32.20,32.50,32.00
2011-01-10,32.45,32.20,32.45,32.05
2011-01-11,32.70,32.50,32.75,32.15
2011-01-12,32.90,33.00,33.20,32.70
2011-01-13,32.85,33.00,33.20,32.60
2011-01-14,32.75,32.80,32.90,32.55
2011-01-17,31.70,32.20,32.50,31.60
2011-01-18,31.35,31.50,31.50,31.05
2011-01-19,31.75,31.35,31.90,31.20
2011-01-20,31.55,31.75,31.80,31.50
2011-01-21,31.70,31.30,31.70,31.10
2011-01-24,31.70,31.90,31.90,31.30
2011-01-25,31.50,31.60,31.85,31.40
2011-01-26,31.55,31.70,31.80,31.45
2011-01-27,31.45,31.75,31.90,31.45
2011-02-08,30.15,31.50,31.50,30.00
2011-02-09,30.10,30.20,30.40,29.95
2011-02-10,29.85,30.10,30.25,29.70
2011-02-11,29.70,30.25,30.25,29.70
2011-02-14,29.80,29.90,29.90,29.60
2011-02-15,30.20,29.60,30.40,29.30
2011-02-16,30.20,30.00,30.30,29.90
2011-02-17,30.05,30.20,30.20,29.80
2011-02-18,30.25,30.40,30.45,30.20
2011-02-21,30.60,30.40,30.85,30.05
2011-02-22,30.00,30.10,30.20,29.80
2011-02-23,29.55,29.80,30.10,29.55
2011-02-24,29.35,29.95,29.95,29.30
2011-03-01,29.45,29.40,29.60,29.35
2011-03-02,29.65,29.45,30.30,29.40
2011-03-03,31.00,29.80,31.25,29.80
2011-03-04,31.35,31.10,31.40,31.00
2011-03-07,31.20,31.30,31.35,30.80
2011-03-08,31.45,31.10,31.65,31.10
2011-03-09,31.60,31.60,31.65,31.30
2011-03-10,31.40,31.60,31.60,31.25
2011-03-11,30.95,30.80,31.20,30.80
2011-03-14,31.75,33.00,33.00,31.55
2011-03-15,30.90,31.80,31.95,29.70
2011-03-16,31.10,30.90,31.45,30.90
2011-03-17,31.45,30.60,31.65,30.55
2011-03-18,32.10,31.70,32.20,31.35
2011-03-21,32.20,32.20,32.50,31.80
2011-03-22,32.45,32.50,32.50,32.10
2011-03-23,33.45,32.50,33.90,32.45
2011-03-24,33.35,33.90,34.10,33.25
2011-03-25,33.50,33.60,33.85,33.50
2011-03-28,34.00,33.80,34.35,33.55
2011-03-29,35.50,34.50,35.75,34.40
2011-03-30,36.00,35.80,36.10,35.50
2011-04-01,36.30,35.50,36.40,35.45
2011-04-06,36.45,37.00,37.00,35.95
2011-04-07,36.40,36.50,36.55,35.70
2011-04-08,37.35,36.40,37.80,36.40
2011-04-11,37.60,37.60,37.60,36.85
2011-04-12,36.65,37.50,37.50,36.10
2011-04-13,36.90,36.65,36.90,36.20
2011-04-14,37.70,37.00,38.30,36.90
2011-04-15,37.25,38.00,38.00,37.20
2011-04-18,37.30,37.30,37.60,37.00
2011-04-19,37.55,36.80,37.65,36.60
2011-04-20,40.15,38.10,40.15,38.00
2011-04-21,40.35,41.10,41.40,39.90
2011-04-22,39.65,40.40,40.40,39.30
2011-04-25,40.00,39.80,40.40,39.80
2011-04-26,40.35,40.00,40.95,39.75
2011-04-27,42.60,41.00,42.90,40.75
2011-04-28,41.55,42.80,42.90,41.20
2011-05-03,40.05,41.80,42.10,39.90
2011-05-04,40.85,40.20,40.85,39.10
2011-05-05,39.85,40.70,40.70,39.85
2011-05-06,38.70,39.00,39.35,38.10
2011-05-09,39.85,38.70,40.20,38.50
2011-05-10,39.60,39.85,39.90,39.20
2011-05-11,39.65,40.00,40.40,39.60
2011-05-12,39.70,39.60,39.85,39.35
2011-05-13,39.60,40.00,40.80,39.55
2011-05-16,39.75,39.60,40.30,39.35
2011-05-17,39.40,40.00,40.00,39.15
2011-05-18,38.80,39.60,39.60,38.55
2011-05-19,38.60,38.80,39.30,38.40
2011-05-20,38.65,38.85,38.85,38.10
2011-05-23,37.95,38.10,38.45,37.50
2011-05-24,38.20,38.00,38.30,37.75
2011-05-25,39.00,38.20,39.10,37.95
2011-05-26,39.40,39.85,39.85,39.10
2011-05-27,39.30,39.40,39.70,39.00
2011-05-30,41.60,39.80,42.05,39.50
2011-06-01,41.40,41.10,41.85,41.10
2011-06-02,41.75,41.00,41.85,41.00
2011-06-03,41.60,41.95,42.00,41.40
2011-06-07,42.10,41.60,42.10,41.55
2011-06-08,41.25,41.70,42.10,41.05
2011-06-09,40.05,40.95,41.15,39.95
2011-06-10,39.80,40.60,40.75,39.80
2011-06-13,39.85,39.60,40.30,39.40
2011-06-14,40.50,40.00,40.75,39.80
2011-06-15,41.25,40.55,41.80,40.50
2011-06-16,41.05,41.00,41.50,40.80
2011-06-17,40.50,41.25,41.45,40.40
2011-06-20,40.25,40.90,41.45,40.10
2011-06-21,40.00,40.45,40.80,39.90
2011-06-22,40.00,40.20,40.45,39.60
2011-06-23,39.90,40.00,40.85,39.80
2011-06-24,39.50,40.05,40.45,39.35
2011-06-27,40.15,39.40,40.45,39.35
2011-06-28,40.80,40.70,42.00,40.40
2011-06-29,42.15,41.50,42.20,41.00
2011-07-01,44.40,43.00,44.60,42.95
2011-07-04,44.80,44.60,44.85,43.75
2011-07-05,45.45,44.80,45.60,44.45
2011-07-06,45.25,45.15,45.50,44.80
2011-07-07,45.95,44.75,46.15,44.75
2011-07-08,45.40,46.40,46.40,45.30
2011-07-11,45.20,45.55,45.55,44.85
2011-07-12,43.30,45.00,45.05,43.10
2011-07-13,44.70,43.10,45.00,42.75
2011-07-14,45.50,44.80,45.95,44.00
2011-07-15,45.55,45.50,45.80,45.00
2011-07-18,45.45,45.30,45.75,44.90
2011-07-19,44.60,45.45,45.45,44.25
2011-07-20,45.25,44.80,45.30,44.75
2011-07-21,46.30,45.50,46.35,45.45
2011-07-22,48.40,46.40,49.45,46.40
2011-07-25,48.30,48.50,48.50,47.80
2011-07-26,45.95,46.60,46.70,44.30
2011-07-27,44.65,45.00,45.50,44.00
2011-07-28,45.45,44.00,45.45,43.80
2011-08-01,46.00,46.00,46.50,45.45
2011-08-02,47.00,46.10,47.30,46.00
2011-08-03,45.75,46.20,46.45,45.40
2011-08-04,44.85,46.30,46.30,44.80
2011-08-05,43.10,42.00,43.80,41.90
2011-08-08,42.00,43.00,43.60,40.30
2011-08-09,43.15,40.10,44.30,40.10
2011-08-10,45.55,45.00,46.15,44.10
2011-08-11,44.25,44.55,46.45,43.55
2011-08-12,42.65,44.50,44.85,42.65
2011-08-15,43.95,43.00,44.70,43.00
2011-08-16,45.25,44.70,45.30,44.10
2011-08-17,44.65,45.50,45.50,44.30
2011-08-18,45.15,45.00,45.20,44.15
2011-08-19,42.00,44.00,44.00,42.00
2011-08-22,39.10,41.00,41.90,39.10
2011-08-23,40.20,39.10,40.20,38.30
2011-08-24,38.35,40.20,40.20,37.85
2011-08-25,36.45,38.50,38.85,35.75
2011-08-26,35.25,36.80,37.30,34.10
2011-08-29,37.35,35.70,37.35,35.35
2011-08-30,37.95,37.55,38.40,36.60
2011-09-01,40.00,39.70,40.25,39.25
2011-09-02,39.15,40.00,40.00,38.50
2011-09-05,38.95,39.00,39.30,38.40
2011-09-06,36.25,38.50,38.55,36.25
2011-09-07,35.25,35.80,36.50,34.25
2011-09-08,36.65,35.80,37.05,35.50
2011-09-09,37.50,36.65,37.60,36.45
2011-09-13,34.90,36.50,36.50,34.90
2011-09-14,33.30,35.10,35.50,32.80
2011-09-15,33.70,34.50,34.50,33.30
2011-09-16,35.25,34.50,36.05,34.35
2011-09-19,34.95,35.25,35.45,34.50
2011-09-20,34.20,34.95,35.30,33.50
2011-09-21,34.30,34.20,34.40,33.50
2011-09-22,32.25,33.50,33.50,32.20
2011-09-23,30.35,30.60,30.90,30.00
2011-09-26,29.25,30.35,30.45,29.00
2011-09-27,31.25,30.25,31.25,30.20
2011-09-28,32.00,32.30,32.65,31.75
2011-09-29,32.70,31.80,33.50,31.35
2011-10-03,31.00,32.40,32.40,31.00
2011-10-04,31.90,30.00,31.95,29.90
2011-10-05,31.65,32.20,32.30,31.20
2011-10-06,33.15,32.75,33.40,32.60
2011-10-07,34.80,34.10,35.20,33.60
2011-10-11,36.70,36.20,36.70,35.70
2011-10-12,36.55,35.75,36.95,35.25
2011-10-13,36.10,36.55,37.20,35.15
2011-10-14,34.65,35.90,35.90,34.65
2011-10-17,35.50,35.05,35.95,34.75
2011-10-18,34.85,34.90,35.15,34.55
2011-10-19,34.75,35.20,35.30,34.30
2011-10-20,34.50,35.00,35.40,34.40
2011-10-21,34.70,34.65,35.25,34.40
2011-10-24,36.10,35.80,36.15,35.40
2011-10-25,36.00,36.45,36.45,35.65
2011-10-26,36.45,35.35,36.45,35.35
2011-10-27,38.25,36.50,38.75,36.10
2011-10-28,37.85,39.05,39.30,37.50
2011-11-01,37.00,37.85,37.85,36.85
2011-11-02,36.35,36.10,36.50,35.40
2011-11-03,35.80,36.50,36.50,35.50
2011-11-04,37.20,36.50,37.35,36.50
2011-11-07,37.75,37.30,38.00,37.10
2011-11-08,36.75,37.70,38.05,36.70
2011-11-09,36.85,36.85,37.40,36.85
2011-11-10,35.30,36.00,36.00,34.95
2011-11-11,35.40,35.80,35.90,35.10
2011-11-14,35.90,36.30,36.35,35.80
2011-11-15,36.25,35.60,36.25,35.50
2011-11-16,34.95,36.35,36.45,34.85
2011-11-17,33.70,34.00,34.20,33.50
2011-11-18,33.00,33.00,33.40,32.90
2011-11-21,31.40,32.60,32.60,31.40
2011-11-22,32.45,31.40,32.60,31.00
2011-11-23,31.75,32.55,32.70,31.70
2011-11-24,32.70,31.80,32.80,31.75
2011-11-25,32.10,33.10,33.30,31.70
2011-11-28,32.70,32.50,33.05,32.50
2011-11-29,33.40,33.20,33.50,32.80
2011-12-01,34.50,34.00,34.80,33.50
2011-12-02,34.75,34.50,34.75,33.80
2011-12-05,35.00,34.85,35.15,34.60
2011-12-06,34.85,35.10,35.60,34.20
2011-12-07,35.50,35.50,35.50,35.10
2011-12-08,34.60,34.80,35.20,33.80
2011-12-09,33.00,34.00,34.00,32.20
2011-12-12,33.50,33.50,33.55,32.60
2011-12-13,33.25,32.80,33.40,32.65
2011-12-14,32.70,32.65,33.10,32.35
2011-12-15,32.40,32.55,32.60,31.85
2011-12-16,33.00,33.00,33.45,32.40
2011-12-19,32.80,33.30,33.40,31.95
2011-12-20,33.00,32.80,33.20,32.30
2011-12-21,35.00,34.35,35.10,34.00
2011-12-22,35.00,35.10,35.10,33.85
2011-12-23,35.00,35.40,35.50,34.85
2011-12-26,34.95,35.00,35.25,34.65
2011-12-27,35.00,34.65,35.10,34.50
2011-12-28,34.95,34.90,35.05,34.65
2011-12-29,35.00,34.70,35.00,34.50
2012-01-02,34.70,35.00,35.05,34.60
2012-01-03,35.40,34.95,35.40,34.90
2012-01-04,35.60,35.80,35.80,35.45
2012-01-05,35.60,35.80,35.80,35.00
2012-01-06,34.95,35.60,35.65,34.95
2012-01-09,34.45,34.90,34.95,34.30
2012-01-10,35.50,34.70,35.50,34.60
2012-01-11,36.00,35.80,36.20,35.65
2012-01-12,36.20,36.00,36.30,35.70
2012-01-13,36.20,36.50,36.75,36.10
2012-01-16,35.35,36.30,36.40,35.05
2012-01-17,36.00,35.55,36.00,35.30
2012-01-18,36.25,36.30,36.30,35.35
2012-01-30,37.35,37.10,37.75,37.10
2012-02-01,36.30,36.95,37.05,36.15
2012-02-02,37.00,36.50,37.10,36.30
2012-02-03,36.50,36.95,36.95,36.30
2012-02-04,36.95,36.90,37.30,36.60
2012-02-06,36.40,36.90,36.90,36.20
2012-02-07,36.10,36.20,36.80,36.10
2012-02-08,36.15,36.30,36.50,35.95
2012-02-09,36.35,36.20,36.80,35.65
2012-02-10,37.25,36.55,37.35,36.40
2012-02-13,37.95,37.70,38.15,37.65
2012-02-14,36.70,37.85,37.85,36.45
2012-02-15,36.95,36.50,37.05,36.40
2012-02-16,36.90,37.00,37.20,36.70
2012-02-17,37.15,37.20,37.75,36.90
2012-02-20,37.85,37.80,38.15,37.60
2012-02-21,37.60,38.00,38.00,37.30
2012-02-22,37.75,37.65,37.80,37.30
2012-02-23,37.60,37.70,37.70,37.10
2012-02-24,37.20,37.60,37.60,37.00
2012-03-01,37.25,37.90,37.90,37.25
2012-03-02,37.20,37.50,37.50,37.10
2012-03-03,37.00,37.20,37.20,36.75
2012-03-05,36.65,37.10,37.30,36.50
2012-03-06,35.55,36.40,36.65,35.00
2012-03-07,35.55,35.00,35.80,35.00
2012-03-08,35.80,35.85,35.85,35.50
2012-03-09,35.85,35.95,35.95,35.55
2012-03-12,35.10,35.90,35.90,35.10
2012-03-13,35.25,35.25,35.55,35.20
2012-03-14,35.25,35.50,35.75,34.95
2012-03-15,35.15,35.00,35.30,35.00
2012-03-16,36.00,35.50,36.00,35.15
2012-03-19,35.50,36.00,36.10,35.20
2012-03-20,35.10,35.90,35.90,35.10
2012-03-21,35.15,35.10,35.40,35.00
2012-03-22,35.45,35.50,35.50,35.15
2012-03-23,35.25,35.50,35.50,35.10
2012-03-26,34.00,35.20,35.20,33.75
2012-03-27,34.20,34.00,34.25,33.80
2012-03-28,34.60,34.75,34.80,34.20
2012-03-29,34.40,34.60,34.60,33.95
2012-04-02,34.20,34.50,34.55,33.90
2012-04-03,34.40,34.30,34.60,33.95
2012-04-05,34.25,33.75,34.55,33.75
2012-04-06,34.50,34.35,34.80,34.10
2012-04-09,34.50,34.10,35.20,34.00
2012-04-10,34.85,34.65,35.25,34.65
2012-04-11,34.85,34.75,35.15,34.60
2012-04-12,35.20,35.10,35.25,34.65
2012-04-13,35.80,35.40,35.80,35.00
2012-04-16,35.60,35.60,35.75,35.25
2012-04-17,35.10,35.75,35.80,35.10
2012-04-18,35.80,35.80,35.80,35.20
2012-04-19,36.00,35.80,36.10,35.60
2012-04-20,35.40,36.10,36.10,35.30
2012-04-23,35.10,35.50,35.50,35.00
2012-04-24,34.90,34.85,35.20,34.85
2012-04-25,34.50,34.80,34.80,34.50
2012-04-26,34.30,34.85,34.85,34.00
2012-04-27,33.85,34.30,34.50,33.75
2012-05-02,35.55,34.85,35.60,34.85
2012-05-03,35.65,35.55,35.90,35.45
2012-05-04,35.95,34.85,36.00,34.85
2012-05-07,35.35,35.70,35.70,35.05
2012-05-08,35.05,35.65,35.65,35.00
2012-05-09,35.00,34.80,35.10,34.60
2012-05-10,35.05,34.95,35.15,34.65
2012-05-11,34.45,35.05,35.05,34.30
2012-05-14,34.00,34.30,34.45,34.00
2012-05-15,32.75,34.00,34.00,32.75
2012-05-16,32.30,32.75,32.75,32.30
2012-05-17,32.65,32.80,32.80,32.35
2012-05-18,32.00,32.15,32.15,31.60
2012-05-21,32.45,32.00,32.50,31.90
2012-05-22,32.70,32.75,32.75,32.50
2012-05-23,32.90,32.30,33.00,31.90
2012-05-24,32.70,32.70,32.75,32.40
2012-05-25,32.50,32.55,32.95,32.50
2012-05-28,32.55,32.35,32.75,32.35
2012-05-29,34.20,32.95,34.45,32.75
2012-05-30,34.65,34.00,34.70,33.25
2012-06-01,33.65,33.60,34.10,33.30
2012-06-04,33.15,32.90,33.80,32.80
2012-06-05,33.20,33.35,33.60,33.05
2012-06-06,34.15,33.55,34.20,33.35
2012-06-07,34.50,34.60,34.65,34.30
2012-06-08,34.50,34.50,34.60,33.90
2012-06-11,34.45,34.50,34.95,34.15
2012-06-12,34.40,33.90,34.45,33.75
2012-06-13,34.00,34.55,34.60,34.00
2012-06-14,34.00,33.85,34.50,33.85
2012-06-15,34.60,34.00,34.60,34.00
2012-06-18,35.35,35.00,35.60,35.00
2012-06-19,35.30,35.35,35.40,34.95
2012-06-20,35.45,35.50,35.70,35.10
2012-06-21,35.00,35.40,35.50,35.00
2012-06-22,34.60,34.75,34.90,34.50
2012-06-25,34.25,35.10,35.10,34.15
2012-06-26,34.65,34.00,34.65,34.00
2012-06-27,34.90,34.65,35.10,34.30
2012-06-28,35.20,35.00,35.30,34.85
2012-07-02,35.10,34.10,35.70,34.10
2012-07-03,36.15,35.60,36.25,35.40
2012-07-04,36.20,36.25,36.30,36.05
2012-07-05,35.90,35.70,35.90,35.40
2012-07-06,36.30,36.00,36.30,35.80
2012-07-09,36.30,35.80,36.40,35.80
2012-07-10,36.00,36.10,36.25,35.75
2012-07-11,36.90,35.55,36.90,35.55
2012-07-12,36.20,36.90,36.90,36.10
2012-07-13,36.25,36.20,36.60,36.15
2012-07-16,36.25,36.25,36.40,36.00
2012-07-17,36.25,35.90,36.40,35.90
2012-07-18,36.05,36.00,36.25,35.85
2012-07-19,36.85,36.45,36.90,36.10
2012-07-20,37.00,36.90,37.00,36.60
2012-07-23,36.40,36.90,36.90,36.20
2012-07-24,36.15,36.05,36.25,36.00
2012-07-25,35.40,35.60,36.00,35.35
2012-07-26,33.65,33.70,34.00,33.65
2012-07-27,34.85,34.10,34.85,34.05
2012-07-30,35.10,35.00,35.30,34.85
2012-08-01,35.75,35.00,35.75,34.85
2012-08-03,35.80,35.80,35.90,35.50
2012-08-06,35.70,36.00,36.45,35.65
2012-08-07,35.70,35.20,35.85,35.20
2012-08-08,35.50,35.70,36.00,35.30
2012-08-09,35.80,35.70,35.90,35.45
2012-08-10,35.80,36.00,36.20,35.80
2012-08-13,36.00,36.45,36.45,35.80
2012-08-14,35.30,36.00,36.25,35.25
2012-08-15,35.40,35.50,35.60,34.90
2012-08-16,35.00,35.60,35.60,34.95
2012-08-17,34.80,34.85,35.00,34.40
2012-08-20,34.35,34.80,34.80,34.20
2012-08-21,34.45,34.70,34.85,34.30
2012-08-22,34.15,34.10,34.20,33.90
2012-08-23,34.00,33.90,34.20,33.90
2012-08-24,33.90,34.00,34.05,33.85
2012-08-27,33.85,33.90,34.20,33.80
2012-08-28,33.45,33.70,33.80,33.45
2012-08-29,33.05,33.50,33.55,33.00
2012-08-30,32.60,33.10,33.15,32.50
2012-09-03,32.55,32.50,32.90,32.35
2012-09-04,33.05,32.70,33.20,32.50
2012-09-05,32.55,33.00,33.00,32.50
2012-09-06,32.50,32.70,32.75,32.45
2012-09-07,33.75,32.90,34.15,32.45
2012-09-10,35.10,33.90,35.60,33.85
2012-09-11,34.90,35.20,35.30,34.60
2012-09-12,35.15,35.10,35.50,35.00
2012-09-13,35.40,35.30,35.45,35.15
2012-09-14,36.70,35.75,36.95,35.75
2012-09-17,36.70,37.00,37.00,36.55
2012-09-18,35.90,36.70,36.70,35.75
2012-09-19,35.95,35.60,36.00,35.45
2012-09-20,35.25,35.80,36.00,35.25
2012-09-21,35.90,35.70,35.95,35.40
2012-09-24,36.30,35.90,36.45,35.40
2012-09-25,36.00,36.20,36.30,35.75
2012-09-26,35.80,35.80,35.90,35.60
2012-09-27,36.05,36.00,36.10,35.60
2012-10-01,35.95,36.30,36.50,35.90
2012-10-02,35.75,36.00,36.05,35.65
2012-10-03,35.60,35.80,35.90,35.55
2012-10-04,36.20,35.80,36.20,35.35
2012-10-05,36.30,36.20,36.30,36.00
2012-10-08,36.30,36.60,37.00,36.15
2012-10-09,36.70,36.50,36.90,36.50
2012-10-11,35.95,36.20,36.55,35.85
2012-10-12,35.40,36.20,36.20,34.85
2012-10-15,36.20,35.20,36.20,35.20
2012-10-16,36.65,36.30,36.70,36.00
2012-10-17,36.90,36.80,36.90,36.60
2012-10-18,36.80,36.90,36.90,36.65
2012-10-19,37.60,37.00,37.80,37.00
2012-10-22,37.80,37.30,37.80,37.15
2012-10-23,37.60,37.90,37.90,37.35
2012-10-24,37.65,37.40,37.90,37.05
2012-10-25,37.95,37.65,38.05,37.40
2012-10-26,36.45,38.00,38.00,36.40
2012-10-29,36.95,36.45,37.15,36.40
2012-10-30,37.40,37.30,38.05,37.25
2012-11-01,36.60,37.00,37.15,36.30
2012-11-02,37.35,37.40,37.90,36.70
2012-11-05,38.10,37.35,38.35,37.30
2012-11-06,38.35,38.50,38.50,37.85
2012-11-07,38.50,38.55,38.65,38.25
2012-11-08,38.00,38.50,38.50,37.65
2012-11-09,37.65,37.90,37.90,37.35
2012-11-12,37.65,37.65,38.00,37.55
2012-11-13,36.95,38.00,38.00,36.80
2012-11-14,36.80,37.35,37.35,36.25
2012-11-15,36.35,36.65,36.70,36.10
2012-11-16,36.40,36.35,36.90,36.30
2012-11-19,36.60,36.40,36.75,36.20
2012-11-20,36.80,36.80,37.00,36.55
2012-11-21,36.80,37.00,37.10,36.60
2012-11-22,36.15,36.80,37.00,35.90
2012-11-23,36.80,36.20,36.80,36.10
2012-11-26,36.80,37.00,37.15,36.40
2012-11-27,36.40,36.40,36.70,36.25
2012-11-28,36.00,36.40,36.50,35.80
2012-11-29,37.30,36.20,37.40,36.15
2012-12-03,38.00,38.20,38.30,37.75
2012-12-04,37.70,37.70,37.70,37.30
2012-12-05,38.20,37.70,38.25,37.40
2012-12-06,37.90,38.20,38.20,37.70
2012-12-07,39.40,38.20,39.75,38.15
2012-12-10,39.00,39.35,39.65,38.70
2012-12-11,38.90,38.70,39.05,38.25
2012-12-12,39.00,39.50,39.65,38.70
2012-12-13,39.05,39.00,39.10,38.75
2012-12-14,39.05,39.00,39.20,38.90
2012-12-17,38.85,39.00,39.15,38.80
2012-12-18,38.75,38.90,39.00,37.80
2012-12-19,38.50,38.85,38.90,38.25
2012-12-20,38.50,38.60,38.90,38.30
2012-12-21,37.50,38.50,38.50,37.30
2012-12-22,36.70,37.50,37.50,36.70
2012-12-24,37.50,36.95,37.50,36.85
2012-12-25,38.00,37.50,38.20,37.35
2012-12-26,38.70,38.00,38.90,38.00
2012-12-27,38.85,38.75,38.95,38.25
2013-01-02,39.00,38.95,39.10,38.65
2013-01-03,38.85,39.50,39.50,38.75
2013-01-04,39.00,39.40,39.45,38.60
2013-01-07,38.90,39.10,39.10,38.65
2013-01-08,38.50,38.90,39.10,38.20
2013-01-09,38.55,38.80,39.00,38.50
2013-01-10,39.65,39.00,39.65,38.80
2013-01-11,39.65,39.65,39.95,39.40
2013-01-14,39.50,39.20,39.50,38.20
2013-01-15,39.00,39.40,39.40,38.75
2013-01-16,38.95,39.30,39.30,38.65
2013-01-17,37.80,39.20,39.20,37.50
2013-01-18,38.75,38.50,39.00,38.00
2013-01-21,38.85,38.30,38.95,38.20
2013-01-22,39.00,38.85,39.10,38.45
2013-01-23,38.95,38.80,39.05,38.70
2013-01-24,39.00,38.80,39.15,38.50
2013-01-25,39.10,38.90,39.25,38.65
2013-01-28,39.25,39.10,39.55,38.90
2013-01-29,39.60,39.40,39.60,39.30
2013-01-30,39.80,39.60,39.80,39.20
2013-02-01,40.05,40.15,40.20,39.85
2013-02-04,40.45,40.05,40.60,39.90
2013-02-05,39.75,40.45,40.45,39.65
2013-02-06,39.15,40.20,40.20,39.15
2013-02-18,38.95,40.50,40.80,38.80
2013-02-19,38.95,39.45,39.45,38.70
2013-02-20,38.25,38.95,39.00,38.10
2013-02-21,37.40,38.35,38.45,37.40
2013-02-22,38.25,37.90,38.55,37.20
2013-02-23,38.45,38.50,38.50,37.95
2013-02-25,38.20,38.45,38.60,38.20
2013-02-26,37.85,38.00,38.20,37.80
2013-03-01,38.85,38.35,38.90,38.15
2013-03-04,38.60,38.85,38.85,38.10
2013-03-05,38.60,38.50,38.70,38.05
2013-03-06,38.60,38.60,38.75,38.40
2013-03-07,38.30,38.40,38.50,38.30
2013-03-08,38.95,38.30,39.05,38.30
2013-03-11,38.30,38.80,38.85,38.20
2013-03-12,38.15,38.20,38.40,37.85
2013-03-13,38.50,38.50,38.65,38.15
2013-03-14,37.40,38.15,38.15,37.30
2013-03-15,36.65,37.60,37.70,36.65
2013-03-18,36.20,36.65,36.65,36.05
2013-03-19,36.75,36.50,37.05,36.25
2013-03-20,36.50,36.75,36.90,36.35
2013-03-21,36.50,36.50,36.90,36.35
2013-03-22,36.45,36.40,36.60,36.40
2013-03-25,36.45,36.50,36.65,36.40
2013-03-26,36.85,36.50,37.15,36.45
2013-03-27,37.10,36.65,37.10,36.65
2013-03-28,36.80,37.40,37.40,36.80
2013-04-01,37.55,37.50,37.65,37.45
2013-04-02,37.85,37.45,38.10,37.20
2013-04-03,38.40,38.00,38.40,37.85
2013-04-08,37.50,37.90,38.05,37.50
2013-04-09,37.75,37.50,38.05,37.40
2013-04-10,37.75,38.00,38.25,37.50
2013-04-11,38.00,37.75,38.15,37.35
2013-04-12,38.00,38.00,38.40,37.75
2013-04-15,38.40,38.00,38.40,38.00
2013-04-16,38.45,37.70,38.50,37.70
2013-04-17,38.40,38.45,38.45,38.00
2013-04-18,38.05,38.20,38.60,37.85
2013-04-19,38.40,38.05,38.60,38.00
2013-04-22,39.35,39.55,40.10,39.25
2013-04-23,38.75,39.40,39.50,38.70
2013-04-24,39.30,39.15,39.30,38.90
2013-04-25,39.00,39.30,39.30,38.70
2013-04-26,38.90,38.60,39.20,38.60
2013-04-29,38.70,38.90,39.00,38.70
2013-05-02,38.50,39.05,39.05,38.50
2013-05-03,38.30,38.50,38.80,38.00
2013-05-06,38.45,38.65,38.70,38.45
2013-05-07,38.40,38.55,38.60,38.25
2013-05-08,38.70,38.30,38.85,38.30
2013-05-09,39.15,38.70,39.15,38.70
2013-05-10,39.20,39.10,39.20,38.95
2013-05-13,38.65,39.10,39.15,38.65
2013-05-14,39.10,38.70,39.15,38.70
2013-05-15,39.45,39.10,39.45,38.85
2013-05-16,39.70,39.45,39.80,39.05
2013-05-17,39.50,39.85,39.90,39.45
2013-05-20,39.25,39.50,39.80,39.20
2013-05-21,39.50,39.40,39.60,39.25
2013-05-22,39.70,39.75,39.80,39.50
2013-05-23,39.35,39.60,39.65,39.30
2013-05-24,39.15,39.60,39.65,38.90
2013-05-27,39.30,39.15,39.30,39.00
2013-05-28,39.30,39.50,39.50,39.10
2013-05-29,39.85,39.30,39.85,39.30
2013-05-30,38.75,39.70,39.70,38.70
2013-06-03,38.40,38.60,38.70,38.25
2013-06-04,38.10,38.70,38.70,38.05
2013-06-05,37.60,38.00,38.05,37.30
2013-06-06,37.50,37.30,37.75,37.30
2013-06-07,37.85,37.50,37.90,37.40
2013-06-10,38.45,38.20,38.50,38.00
2013-06-11,38.10,38.45,38.45,38.00
2013-06-13,37.35,38.10,38.20,37.35
2013-06-14,37.40,37.35,37.65,37.20
2013-06-17,37.80,37.65,38.80,37.30
2013-06-18,37.55,37.80,37.80,37.40
2013-06-19,37.55,37.55,37.80,37.50
2013-06-20,37.30,37.50,37.55,37.20
2013-06-21,35.15,36.50,37.10,35.15
2013-06-24,34.60,35.15,35.30,34.60
2013-06-25,33.75,34.50,34.50,33.75
2013-06-26,34.80,34.50,34.80,33.90
2013-06-27,35.50,35.20,35.55,34.95
2013-07-01,37.00,36.80,37.20,36.30
2013-07-02,35.60,37.00,37.20,35.55
2013-07-03,36.05,35.40,36.55,35.20
2013-07-04,36.30,35.80,36.50,35.80
2013-07-05,36.40,36.50,36.80,36.30
2013-07-08,36.15,36.40,36.50,35.85
2013-07-09,36.30,36.25,36.50,36.15
2013-07-10,36.95,36.30,37.10,36.30
2013-07-11,37.20,37.20,37.40,37.00
2013-07-12,37.85,37.40,37.85,37.40
2013-07-15,38.00,37.50,38.00,37.50
2013-07-16,38.10,38.00,38.10,37.70
2013-07-17,38.25,38.10,38.30,37.95
2013-07-18,38.35,38.20,38.50,38.15
2013-07-19,38.60,38.25,38.75,38.20
2013-07-22,38.80,38.75,38.85,38.60
2013-07-23,39.10,38.95,39.15,38.70
2013-07-24,38.50,39.10,39.10,38.50
2013-07-25,36.80,36.80,37.25,36.70
2013-07-26,36.75,37.25,37.25,36.35
2013-07-29,36.35,36.90,37.10,36.35
2013-07-30,37.15,37.05,37.20,36.60
2013-08-01,37.00,37.15,37.20,36.80
2013-08-02,37.20,37.40,37.40,36.90
2013-08-05,36.95,37.20,37.20,36.70
2013-08-06,36.40,36.95,36.95,36.25
2013-08-07,36.90,36.25,37.00,36.10
2013-08-08,37.00,36.90,37.20,36.45
2013-08-09,36.55,37.35,37.40,36.55
2013-08-12,38.35,37.00,38.45,36.90
2013-08-13,38.90,38.50,38.90,38.10
2013-08-14,38.60,38.90,39.00,38.20
2013-08-15,38.70,38.60,38.90,37.70
2013-08-16,38.95,38.50,39.10,38.40
2013-08-19,38.80,39.05,39.10,38.60
2013-08-20,38.30,38.60,38.80,38.00
2013-08-22,39.00,37.80,39.00,37.50
2013-08-23,38.75,39.00,39.00,38.50
2013-08-26,38.95,39.00,39.00,38.40
2013-08-27,38.05,38.50,38.75,38.05
2013-08-28,38.45,37.80,38.60,37.75
2013-08-29,38.80,38.45,38.90,38.45
2013-09-02,39.45,39.60,39.60,39.15
2013-09-03,39.20,39.50,39.60,38.90
2013-09-04,39.50,39.30,39.50,38.85
2013-09-05,39.70,39.65,39.75,39.55
2013-09-06,39.75,39.70,39.80,39.50
2013-09-09,39.75,39.35,39.80,39.30
2013-09-10,40.00,39.25,40.00,39.25
2013-09-11,40.00,39.80,40.00,39.70
2013-09-12,40.70,40.40,40.75,40.25
2013-09-13,40.20,40.25,40.50,40.00
2013-09-14,39.40,40.00,40.15,39.40
2013-09-16,41.15,39.80,41.25,39.80
2013-09-17,40.80,41.00,41.00,40.50
2013-09-18,40.65,41.00,41.10,40.65
2013-09-23,41.90,40.80,42.05,40.80
2013-09-24,41.50,41.90,42.00,41.20
2013-09-25,41.70,41.80,41.80,41.05
2013-09-26,41.70,41.70,41.75,41.05
2013-09-27,43.00,41.80,43.15,41.80
2013-10-01,41.70,43.00,43.00,41.60
2013-10-02,42.30,41.70,42.80,41.50
2013-10-03,42.60,42.50,43.00,42.50
2013-10-04,43.00,42.20,43.00,42.20
2013-10-07,42.75,42.95,42.95,42.50
2013-10-08,43.60,43.00,43.60,42.90
2013-10-09,43.20,43.00,43.40,42.95
2013-10-11,43.00,43.70,43.95,42.95
2013-10-14,43.20,43.00,44.25,43.00
2013-10-15,43.90,43.40,43.90,43.20
2013-10-16,43.85,43.90,44.00,43.55
2013-10-17,43.95,44.20,44.25,43.70
2013-10-18,43.65,44.20,44.20,43.00
2013-10-21,43.20,43.05,43.65,43.05
2013-10-22,43.20,43.20,43.55,42.95
2013-10-23,42.90,43.45,43.55,42.85
2013-10-24,42.80,42.50,42.85,42.45
2013-10-25,42.10,42.05,42.45,41.90
2013-10-28,42.65,42.10,42.65,41.70
2013-10-29,42.50,41.90,42.65,41.90
2013-10-30,42.75,42.00,42.75,42.00
2013-11-01,42.40,43.15,43.15,42.25
2013-11-04,41.55,42.30,42.30,41.20
2013-11-05,41.00,41.05,41.50,41.00
2013-11-06,40.80,41.00,41.35,40.50
2013-11-07,41.05,40.80,41.05,40.45
2013-11-08,41.05,40.25,41.05,40.25
2013-11-11,41.00,40.30,41.00,40.30
2013-11-12,41.60,40.75,41.70,40.60
2013-11-13,41.00,42.00,42.00,40.30
2013-11-14,41.00,40.45,41.00,40.45
2013-11-15,42.45,41.50,42.45,41.20
2013-11-18,43.00,42.65,43.45,42.60
2013-11-19,43.90,43.40,44.25,43.10
2013-11-20,42.55,43.20,43.45,42.55
2013-11-21,42.10,42.80,42.80,42.10
2013-11-22,42.60,42.20,42.95,42.05
2013-11-25,43.65,43.00,44.00,42.90
2013-11-26,43.60,43.30,45.60,43.30
2013-11-27,45.00,44.45,45.60,44.20
2013-11-28,46.00,45.70,46.50,45.70
2013-12-02,46.35,46.85,46.85,46.05
2013-12-03,46.55,46.35,46.95,46.05
2013-12-04,46.05,46.55,46.55,46.05
2013-12-05,46.05,46.50,46.50,45.90
2013-12-06,44.35,45.60,45.90,44.35
2013-12-09,44.80,45.45,45.60,44.65
2013-12-10,45.00,45.00,45.00,44.50
2013-12-11,45.30,45.00,45.50,44.80
2013-12-12,46.40,45.50,46.60,45.10
2013-12-13,45.90,46.40,46.40,45.50
2013-12-16,44.95,45.60,45.70,44.95
2013-12-17,44.80,45.05,45.65,44.80
2013-12-18,44.95,45.45,45.45,44.50
2013-12-19,45.45,45.00,45.75,45.00
2013-12-20,45.65,45.45,46.00,45.20
2013-12-23,45.85,45.65,46.45,45.65
2013-12-24,45.40,45.80,45.85,45.35
2013-12-25,45.50,45.40,45.60,45.15
2013-12-26,45.65,45.50,45.85,45.35
2013-12-27,45.70,45.60,46.10,45.55
2013-12-30,46.60,46.00,46.60,45.75
2014-01-02,45.40,45.95,46.05,45.25
2014-01-03,44.55,45.10,45.10,44.50
2014-01-06,43.60,44.95,44.95,43.60
2014-01-07,44.15,43.80,44.20,43.75
2014-01-08,43.90,44.20,44.45,43.65
2014-01-09,42.90,44.00,44.25,42.55
2014-01-10,43.80,42.90,43.80,42.70
2014-01-13,43.80,44.35,44.40,43.30
2014-01-14,44.10,43.50,44.15,43.40
2014-01-15,44.75,44.00,45.85,44.00
2014-01-16,44.00,45.10,45.75,43.90
2014-01-17,43.80,44.00,44.15,43.70
2014-01-20,44.15,44.00,44.45,43.85
2014-01-21,44.90,44.45,44.95,44.20
2014-01-22,45.20,44.95,45.25,44.90
2014-01-23,45.45,45.20,45.55,44.70
2014-01-24,45.35,45.35,45.35,44.25
2014-02-05,42.60,42.50,42.90,41.35
2014-02-06,43.40,42.95,43.70,42.65
2014-02-07,43.60,43.45,44.05,43.45
2014-02-10,44.30,43.80,44.70,43.75
2014-02-11,44.65,44.00,45.10,43.80
2014-02-12,45.30,45.00,45.50,44.80
2014-02-13,45.45,44.40,45.55,44.40
2014-02-14,45.75,45.65,45.75,45.35
2014-02-17,46.00,45.00,46.10,45.00
2014-02-18,46.05,45.50,46.20,45.50
2014-02-19,45.80,46.15,46.20,45.40
2014-02-20,45.85,45.90,46.10,45.55
2014-02-21,46.95,46.00,46.95,45.85
2014-02-24,46.65,46.95,46.95,46.60
2014-02-25,47.80,46.75,48.45,46.75
2014-02-26,47.55,47.15,48.00,47.10
2014-03-03,47.65,48.10,48.10,46.95
2014-03-04,46.50,47.05,47.45,46.50
2014-03-05,47.60,46.90,47.65,46.90
2014-03-06,47.15,47.90,48.00,47.10
2014-03-07,47.00,47.30,47.90,46.75
2014-03-10,47.50,46.75,47.75,46.75
2014-03-11,46.55,47.55,47.60,46.45
2014-03-12,47.25,46.70,47.25,46.40
2014-03-13,47.10,47.50,47.50,46.65
2014-03-14,47.00,46.65,47.20,46.50
2014-03-17,47.40,47.45,47.45,46.70
2014-03-18,47.00,47.10,47.40,47.00
2014-03-19,46.70,47.20,47.30,46.70
2014-03-20,46.70,46.55,46.70,46.10
2014-03-21,45.95,46.90,46.90,45.95
2014-03-24,46.00,45.95,46.55,45.80
2014-03-25,47.60,46.10,47.70,46.10
2014-03-26,47.45,47.95,47.95,47.05
2014-03-27,47.00,46.70,47.60,46.70
2014-03-28,47.20,47.00,47.25,46.90
2014-04-01,47.80,47.00,47.80,47.00
2014-04-02,47.05,47.75,48.00,47.05
2014-04-03,47.20,47.50,48.45,47.10
2014-04-07,47.30,47.20,47.35,46.70
2014-04-08,46.90,47.15,47.55,46.90
2014-04-09,47.80,47.00,47.80,47.00
2014-04-10,49.50,48.20,49.50,48.05
2014-04-11,49.50,49.50,49.55,48.90
2014-04-14,48.30,49.00,49.15,47.95
2014-04-15,48.55,49.00,49.50,48.55
2014-04-16,48.40,48.55,49.80,48.20
2014-04-17,48.45,48.50,48.80,48.20
2014-04-18,49.00,48.70,49.00,48.50
2014-04-21,49.10,48.90,49.20,48.60
2014-04-22,48.75,49.10,49.10,48.60
2014-04-23,48.55,48.80,49.45,48.50
2014-04-24,48.15,48.50,48.50,48.10
2014-04-25,46.50,48.00,48.15,46.45
2014-04-28,47.60,46.50,47.80,46.35
2014-04-29,47.85,47.60,48.10,47.25
2014-05-02,47.45,47.90,48.15,47.25
2014-05-05,46.95,47.45,47.60,46.80
2014-05-06,46.80,46.85,47.05,46.65
2014-05-07,46.00,46.60,46.65,46.00
2014-05-08,45.70,46.10,46.20,45.50
2014-05-09,45.30,45.50,45.70,44.75
2014-05-12,44.20,44.90,45.00,44.00
2014-05-13,44.00,44.20,44.55,43.85
2014-05-14,44.30,44.10,44.35,43.90
2014-05-15,45.30,44.30,45.40,44.15
2014-05-16,45.90,45.20,45.90,45.05
2014-05-19,44.50,45.70,45.70,44.35
2014-05-20,44.40,44.05,45.00,43.80
2014-05-21,44.00,44.10,44.55,43.90
2014-05-22,44.10,44.00,44.45,43.85
2014-05-23,44.20,43.90,44.75,43.90
2014-05-26,44.15,44.20,44.45,43.90
2014-05-27,45.10,44.30,45.15,44.10
2014-05-28,44.70,45.10,45.30,44.60
2014-05-29,44.75,44.55,45.10,44.55
2014-06-03,44.35,44.60,45.00,44.15
2014-06-04,44.50,44.15,44.95,44.15
2014-06-05,45.00,44.50,45.15,44.20
2014-06-06,46.00,45.30,46.00,45.20
2014-06-09,46.30,46.05,46.35,45.20
2014-06-10,46.15,45.80,46.25,45.40
2014-06-11,45.80,45.95,45.95,45.55
2014-06-12,45.45,45.55,45.80,45.35
2014-06-13,44.85,45.00,45.35,44.80
2014-06-16,44.75,44.85,45.05,44.70
2014-06-17,44.70,45.00,45.15,44.55
2014-06-18,45.05,44.85,45.10,44.45
2014-06-19,45.00,45.00,45.20,44.85
2014-06-20,44.80,45.00,45.15,44.70
2014-06-23,44.40,44.80,44.90,44.40
2014-06-24,45.00,44.70,45.00,44.55
2014-06-25,44.65,45.05,45.10,44.50
2014-06-26,44.65,44.50,44.80,44.25
2014-06-27,44.75,44.65,44.80,44.60
2014-07-01,46.20,45.20,46.40,45.05
2014-07-02,45.40,46.20,46.30,45.10
2014-07-03,45.40,45.40,45.65,45.20
2014-07-04,45.70,45.40,45.85,45.30
2014-07-07,45.70,45.70,45.85,45.40
2014-07-08,45.70,45.60,45.80,45.50
2014-07-09,45.70,45.50,45.80,45.50
2014-07-10,45.70,45.80,46.10,45.40
2014-07-11,45.50,45.50,45.70,45.20
2014-07-14,45.20,45.50,45.60,45.05
2014-07-15,45.30,45.50,45.50,45.10
2014-07-16,46.20,45.50,46.30,45.40
2014-07-17,43.70,44.00,44.00,43.50
2014-07-18,43.80,43.70,44.00,43.60
2014-07-21,44.20,44.10,44.30,44.00
2014-07-22,44.00,44.20,44.25,43.80
2014-07-24,44.00,44.00,44.20,43.65
2014-07-25,44.00,44.00,44.25,43.65
2014-07-28,44.05,44.00,44.30,44.00
2014-07-29,45.50,44.30,45.50,44.20
2014-07-30,45.70,45.90,46.00,45.20
2014-08-01,44.45,44.70,45.00,44.40
2014-08-04,45.55,45.00,45.55,44.50
2014-08-05,44.30,45.55,45.60,44.25
2014-08-06,44.20,44.30,44.75,43.85
2014-08-07,44.60,44.75,44.75,44.20
2014-08-08,44.80,44.60,44.80,44.10
2014-08-11,44.90,44.90,45.20,44.80
2014-08-12,45.00,45.20,45.20,44.40
2014-08-13,45.50,45.00,45.50,45.00
2014-08-14,45.95,45.75,45.95,44.90
2014-08-15,45.95,46.10,46.10,45.55
2014-08-18,45.60,45.95,46.20,45.55
2014-08-19,46.30,46.00,46.35,45.85
2014-08-20,47.00,46.40,47.00,46.05
2014-08-21,47.50,47.20,47.50,46.80
2014-08-22,49.55,47.70,49.55,47.60
2014-08-25,48.30,49.55,49.55,48.10
2014-08-26,48.40,48.15,48.45,47.90
2014-08-27,48.30,48.40,48.60,48.00
2014-08-28,48.20,48.15,48.30,47.75
2014-09-01,48.50,47.50,48.50,47.50
2014-09-02,47.10,48.40,48.40,47.00
2014-09-03,47.75,47.20,47.95,47.20
2014-09-04,47.90,47.70,47.90,47.35
2014-09-05,47.30,47.55,47.90,47.25
2014-09-09,47.65,47.50,47.70,47.40
2014-09-10,47.10,47.50,47.50,46.35
2014-09-11,47.15,47.10,47.50,46.55
2014-09-12,46.10,47.50,47.50,46.10
2014-09-15,46.75,46.30,47.00,46.20
2014-09-16,46.30,47.00,47.10,46.30
2014-09-17,47.30,47.00,47.45,46.80
2014-09-18,46.70,47.50,47.50,46.65
2014-09-19,46.95,46.90,47.45,46.50
2014-09-22,45.80,46.80,46.80,45.60
2014-09-23,45.45,45.95,46.00,45.45
2014-09-24,46.70,45.45,46.80,45.35
2014-09-25,45.85,47.00,47.00,45.60
2014-09-26,45.30,45.40,45.60,45.10
2014-09-29,45.00,45.80,45.80,44.95
2014-10-01,44.80,45.50,45.50,44.70
2014-10-02,44.70,44.55,44.70,44.10
2014-10-03,45.10,44.80,45.30,44.40
2014-10-06,44.80,45.25,45.25,44.50
2014-10-07,44.75,44.80,45.00,44.35
2014-10-08,45.35,44.75,45.60,44.50
2014-10-09,46.00,45.50,46.15,45.40
2014-10-13,44.80,45.00,45.40,44.80
2014-10-14,45.15,44.80,45.40,44.80
2014-10-15,45.50,45.35,46.15,44.60
2014-10-16,45.50,45.50,45.95,45.00
2014-10-17,45.25,45.70,45.70,45.00
2014-10-20,45.55,45.55,45.95,45.50
2014-10-21,45.40,45.80,45.90,45.40
2014-10-22,45.55,45.80,45.95,45.50
2014-10-23,45.75,45.55,45.85,45.50
2014-10-24,45.75,46.00,46.05,45.50
2014-10-27,45.85,45.90,46.00,45.70
2014-10-28,47.10,46.20,47.25,46.20
2014-10-29,46.75,47.20,47.20,46.20
2014-10-30,46.45,46.55,46.65,46.20
2014-11-03,46.80,46.90,46.95,46.30
2014-11-04,46.30,46.95,47.20,46.30
2014-11-05,46.30,46.65,46.65,46.10
2014-11-06,46.05,46.40,46.65,46.00
2014-11-07,45.65,46.05,46.30,45.60
2014-11-10,46.20,45.60,46.65,45.55
2014-11-11,45.95,46.60,46.85,45.95
2014-11-12,45.65,45.40,45.90,45.40
2014-11-13,45.65,45.70,45.70,45.40
2014-11-14,45.00,45.50,45.50,45.00
2014-11-17,44.60,45.40,45.40,44.40
2014-11-18,44.95,44.60,45.20,44.50
2014-11-19,44.80,45.50,45.60,44.80
2014-11-20,46.00,45.40,46.05,45.05
2014-11-21,45.30,45.95,46.00,45.25
2014-11-24,46.15,45.60,46.40,45.55
2014-11-25,45.50,46.15,46.20,45.50
2014-11-26,45.30,45.80,45.80,45.30
2014-11-27,45.35,45.35,45.80,45.30
2014-12-01,45.20,45.00,45.60,44.90
2014-12-02,45.35,45.15,45.50,44.90
2014-12-03,45.20,45.45,45.45,44.90
2014-12-04,45.15,45.00,45.70,45.00
2014-12-05,45.35,45.50,45.60,45.10
2014-12-08,45.60,45.75,45.75,45.30
2014-12-09,45.25,45.70,45.70,45.05
2014-12-10,44.85,45.05,45.20,44.60
2014-12-11,44.50,45.00,45.00,44.50
2014-12-12,44.20,44.50,44.55,44.15
2014-12-15,43.45,44.05,44.05,43.25
2014-12-16,43.40,43.40,44.10,43.40
2014-12-17,41.55,43.30,43.30,41.55
2014-12-18,42.00,41.85,42.25,41.75
2014-12-19,42.30,42.50,42.60,41.90
2014-12-22,42.45,42.10,42.70,42.10
2014-12-23,42.90,42.85,42.90,42.60
2014-12-24,42.95,43.00,43.10,42.70
2014-12-25,43.15,43.00,43.15,42.75
2014-12-26,43.00,43.10,43.10,42.90
2014-12-27,42.95,43.00,43.00,42.90
2014-12-29,43.40,43.00,43.90,43.00
2014-12-30,43.55,43.50,43.85,43.20
2015-01-05,43.00,43.40,43.40,42.80
2015-01-06,42.25,42.50,42.60,42.10
2015-01-07,42.10,42.25,42.55,41.85
2015-01-08,42.25,42.25,42.65,42.10
2015-01-09,41.80,42.30,42.60,41.80
2015-01-12,40.75,41.60,41.70,40.60
2015-01-13,41.30,40.70,41.40,40.50
2015-01-14,41.30,41.30,41.70,40.90
2015-01-15,41.45,41.30,41.70,41.15
2015-01-16,41.45,41.45,41.65,41.00
2015-01-19,41.70,41.70,42.25,41.55
2015-01-20,41.80,41.70,42.00,41.35
2015-01-21,41.60,42.00,42.10,41.50
2015-01-22,42.00,41.60,42.15,41.55
2015-01-23,42.25,42.30,42.30,42.05
2015-01-26,42.50,42.25,42.50,42.05
2015-01-27,42.70,42.65,42.70,42.50
2015-01-28,42.95,42.50,42.95,42.50
2015-01-29,42.10,42.70,42.75,42.10
2015-02-02,42.75,42.60,42.80,42.30
2015-02-03,42.50,42.95,42.95,42.50
2015-02-04,42.25,42.00,42.60,42.00
2015-02-05,42.20,42.25,42.35,42.15
2015-02-06,42.55,42.20,42.55,42.05
2015-02-09,42.20,42.50,42.50,42.10
2015-02-10,42.20,42.00,42.55,41.90
2015-02-11,41.55,42.00,42.30,41.55
2015-02-12,42.25,41.55,42.25,41.55
2015-02-13,42.15,41.90,42.30,41.85
2015-02-24,42.85,42.40,42.90,42.35
2015-02-25,42.75,42.95,43.20,42.60
2015-03-02,42.65,43.30,43.30,42.55
2015-03-03,43.25,42.95,43.25,42.75
2015-03-04,43.60,43.20,43.60,43.05
2015-03-05,43.00,43.60,43.60,43.00
2015-03-06,43.35,43.20,43.55,42.90
2015-03-09,42.60,43.00,43.00,42.20
2015-03-10,42.10,42.60,42.60,42.10
2015-03-11,41.50,41.65,41.95,41.50
2015-03-12,42.00,41.50,42.25,41.40
2015-03-13,42.25,42.15,42.60,42.05
2015-03-16,41.75,42.00,42.35,41.75
2015-03-17,41.85,41.80,42.35,41.80
2015-03-18,42.30,41.90,42.60,41.85
2015-03-19,43.05,42.55,43.20,42.35
2015-03-20,42.25,42.30,42.60,42.10
2015-03-23,42.50,42.25,42.55,42.25
2015-03-24,42.00,42.30,42.50,41.80
2015-03-25,42.00,41.90,42.15,41.75
2015-03-26,42.20,41.80,42.20,41.75
2015-03-27,42.00,42.00,42.25,41.90
2015-03-30,42.75,42.75,42.95,42.50
2015-04-01,43.55,44.00,44.35,43.15
2015-04-02,43.25,43.70,44.25,43.20
2015-04-07,44.00,43.40,44.15,43.40
2015-04-08,43.80,44.35,44.35,43.55
2015-04-09,44.00,44.15,44.35,43.80
2015-04-10,43.75,44.20,44.25,43.75
2015-04-13,43.65,43.75,43.75,43.15
2015-04-14,43.70,43.30,43.80,43.20
2015-04-15,43.50,43.40,43.50,43.05
2015-04-16,43.75,43.50,43.75,43.30
2015-04-17,43.60,43.30,43.85,43.30
2015-04-20,43.40,43.45,43.50,42.95
2015-04-21,43.75,43.50,43.75,43.40
2015-04-22,43.75,43.75,43.80,43.40
2015-04-23,45.10,43.80,45.25,43.75
2015-04-24,44.95,45.30,45.40,44.90
2015-04-27,44.70,44.95,45.05,44.70
2015-04-28,43.95,44.70,44.90,43.60
2015-04-29,43.60,43.50,44.10,43.50
2015-05-04,43.40,43.80,43.90,43.40
2015-05-05,43.30,43.60,43.80,43.30
2015-05-06,43.15,43.30,43.45,43.15
2015-05-07,42.40,43.15,43.20,42.35
2015-05-08,42.55,42.50,43.05,42.50
2015-05-11,42.65,42.60,43.00,42.60
2015-05-12,42.85,43.00,43.05,42.60
2015-05-13,43.20,42.85,43.35,42.85
2015-05-14,42.70,43.00,43.00,42.50
2015-05-15,42.50,42.70,42.95,42.35
2015-05-18,43.00,42.10,43.00,41.80
2015-05-19,42.60,43.00,43.10,42.50
2015-05-20,42.55,42.70,42.70,42.25
2015-05-21,41.70,42.40,42.40,41.55
2015-05-22,41.75,41.70,41.90,41.65
2015-05-25,41.90,41.75,41.95,41.60
2015-05-26,42.00,41.90,42.20,41.90
2015-05-27,42.00,42.15,42.15,41.90
2015-05-28,41.90,42.00,42.20,41.90
2015-06-01,41.10,41.70,42.10,41.05
2015-06-02,40.40,41.10,41.10,40.30
2015-06-03,40.15,40.40,40.55,40.00
2015-06-04,38.80,40.00,40.00,37.65
2015-06-05,38.95,38.75,39.10,38.55
2015-06-08,39.90,39.00,40.35,38.95
2015-06-09,38.85,39.65,39.65,38.85
2015-06-10,38.80,39.00,39.05,38.70
2015-06-11,38.15,38.80,38.95,37.80
2015-06-12,38.00,38.10,38.55,37.95
2015-06-15,38.00,37.80,38.70,37.75
2015-06-16,38.00,38.15,38.40,37.85
2015-06-17,37.85,38.65,38.65,37.80
2015-06-18,37.90,37.85,38.15,37.85
2015-06-22,38.00,37.90,38.70,37.90
2015-06-23,38.55,38.50,38.65,38.25
2015-06-24,38.90,38.90,38.90,38.55
2015-06-25,39.10,38.90,39.40,38.90
2015-06-26,39.45,39.10,39.50,39.10
2015-06-29,38.85,39.20,39.20,38.85
2015-07-01,40.00,38.80,40.20,38.80
2015-07-02,40.00,40.15,40.30,39.80
2015-07-03,40.10,39.80,40.10,39.45
2015-07-06,39.55,39.95,40.00,39.50
2015-07-07,39.00,39.55,39.90,39.00
2015-07-08,37.95,38.80,39.05,37.95
2015-07-09,37.70,37.85,37.90,37.40
2015-07-13,39.05,37.80,39.40,37.70
2015-07-14,40.15,39.10,40.25,39.05
2015-07-15,40.30,39.60,40.60,39.60
2015-07-16,39.80,40.00,40.10,39.55
2015-07-17,39.80,39.60,39.80,39.50
2015-07-20,39.60,40.00,40.20,39.60
2015-07-21,39.45,39.55,39.80,39.15
2015-07-22,39.10,39.20,39.35,38.90
2015-07-23,37.35,36.75,37.50,36.70
2015-07-24,36.80,37.30,37.35,36.80
2015-07-27,36.00,36.50,36.50,35.85
2015-07-28,35.10,35.65,35.75,34.80
2015-07-29,34.65,35.10,35.15,34.50
2015-07-30,34.80,34.50,35.00,34.45
2015-08-03,33.95,34.10,34.10,33.45
2015-08-04,34.35,34.10,34.35,33.95
2015-08-05,34.35,34.35,34.45,33.90
2015-08-06,33.25,34.30,34.30,33.20
2015-08-07,33.75,32.35,34.05,32.30
2015-08-10,34.45,34.55,34.60,34.25
2015-08-11,34.10,34.45,34.60,34.10
2015-08-12,34.00,33.70,34.15,33.60
2015-08-13,33.90,33.85,34.10,33.40
2015-08-14,33.50,33.85,33.85,33.20
2015-08-17,33.50,33.50,33.80,33.45
2015-08-18,33.80,33.55,34.00,33.45
2015-08-19,33.75,33.65,34.10,33.60
2015-08-20,33.40,33.80,33.95,33.00
2015-08-21,32.30,33.15,33.20,32.30
2015-08-24,32.00,31.40,32.30,30.05
2015-08-25,32.00,32.00,32.10,31.35
2015-08-26,32.05,32.00,32.25,31.80
2015-08-27,32.60,32.05,32.90,32.05
2015-08-28,34.85,33.75,35.10,33.20
2015-09-01,34.35,34.80,34.85,34.05
2015-09-02,34.00,34.00,34.25,33.60
2015-09-03,33.95,34.00,34.10,33.75
2015-09-04,33.90,33.70,34.25,33.70
2015-09-07,33.50,33.25,33.95,33.25
2015-09-08,33.50,33.50,33.95,33.30
2015-09-09,35.45,34.40,35.55,34.10
2015-09-10,35.65,35.35,35.65,34.80
2015-09-11,35.25,35.10,35.50,35.00
2015-09-14,35.45,35.65,35.65,35.15
2015-09-15,35.60,35.80,35.90,35.40
2015-09-16,35.50,35.90,35.90,35.40
2015-09-17,35.55,35.85,35.85,35.50
2015-09-18,35.20,35.55,35.55,35.05
2015-09-21,34.55,34.75,34.85,34.20
2015-09-22,34.75,34.60,35.00,34.50
2015-09-23,34.45,34.60,34.60,33.65
2015-09-24,33.20,34.45,34.45,33.20
2015-09-25,32.90,33.50,33.55,32.75
2015-10-01,34.10,33.30,34.20,32.70
2015-10-02,34.00,34.15,34.20,33.80
2015-10-05,34.50,34.35,34.75,34.25
2015-10-06,35.25,34.70,35.35,34.60
2015-10-07,36.55,35.30,36.55,34.80
2015-10-08,36.25,36.55,36.55,35.70
2015-10-12,37.50,36.50,37.50,36.30
2015-10-13,36.70,37.35,37.35,36.25
2015-10-14,36.25,36.25,36.45,36.10
2015-10-15,36.90,36.70,36.95,36.25
2015-10-16,37.05,37.40,37.40,36.80
2015-10-19,38.00,37.55,38.00,37.40
2015-10-20,37.15,38.00,38.00,36.75
2015-10-21,36.95,37.25,37.40,36.70
2015-10-22,36.50,36.85,37.00,36.50
2015-10-23,36.70,37.20,37.25,36.65
2015-10-26,37.30,37.20,37.40,36.85
2015-10-27,37.20,37.30,37.40,36.55
2015-10-28,37.40,37.10,37.50,37.00
2015-10-29,36.15,37.10,37.15,36.15
2015-11-02,36.35,36.80,36.80,36.25
2015-11-03,36.90,36.55,37.30,36.55
2015-11-04,37.10,37.40,37.90,36.90
2015-11-05,37.00,37.45,37.50,36.95
2015-11-06,36.30,36.90,37.00,36.00
2015-11-09,36.25,36.30,36.60,36.00
2015-11-10,35.40,36.20,36.20,35.40
2015-11-11,34.50,35.90,35.90,34.50
2015-11-12,34.25,34.50,34.80,34.25
2015-11-13,33.80,34.25,34.60,33.80
2015-11-16,33.30,33.70,33.75,33.30
2015-11-17,33.30,33.80,33.85,33.30
2015-11-18,32.55,33.30,33.60,32.55
2015-11-19,32.00,32.85,33.00,31.40
2015-11-20,31.45,32.00,32.05,31.45
2015-11-23,31.60,31.50,31.75,31.40
2015-11-24,31.30,31.90,31.90,31.30
2015-11-25,30.50,31.10,31.45,30.40
2015-11-26,31.35,30.60,31.90,30.60
2015-11-27,31.00,31.50,31.55,30.90
2015-12-01,30.50,30.00,30.50,29.60
2015-12-02,30.50,30.50,30.90,30.10
2015-12-03,30.45,30.10,30.50,30.00
2015-12-04,30.20,30.05,30.50,29.85
2015-12-07,30.35,30.60,31.15,30.35
2015-12-08,30.15,30.50,30.50,29.90
2015-12-09,29.55,30.00,30.10,29.50
2015-12-10,29.10,29.30,29.45,28.70
2015-12-11,27.85,29.05,29.30,27.85
2015-12-14,27.15,27.65,27.65,26.90
2015-12-15,27.40,27.45,27.85,27.30
2015-12-16,27.40,27.50,27.80,27.35
2015-12-17,27.75,27.60,27.85,27.45
2015-12-18,27.30,27.95,27.95,27.30
2015-12-21,27.75,27.00,27.75,27.00
2015-12-22,27.25,27.95,27.95,27.25
2015-12-23,27.40,27.65,27.65,27.30
2015-12-24,27.95,27.60,28.20,27.60
2015-12-25,27.70,28.20,28.20,27.65
2015-12-28,27.95,28.00,28.10,27.75
2015-12-29,27.65,28.00,28.05,27.65
2015-12-30,27.20,27.95,27.95,27.10
2016-01-04,26.15,27.30,27.30,26.15
2016-01-05,26.40,26.15,26.70,26.10
2016-01-06,26.05,26.45,26.55,26.00
2016-01-07,27.35,26.30,27.60,26.25
2016-01-08,27.00,27.25,27.30,26.70
2016-01-11,26.00,26.50,26.55,25.75
2016-01-12,26.10,26.20,26.25,26.00
2016-01-13,26.75,26.20,26.75,26.20
2016-01-14,26.75,26.20,26.75,26.00
2016-01-15,26.90,26.65,26.90,26.15
2016-01-18,26.60,26.50,26.90,26.25
2016-01-19,26.50,26.55,26.60,26.30
2016-01-20,26.10,26.20,26.25,25.85
2016-01-21,25.85,26.25,26.30,25.85
2016-01-22,25.65,26.00,26.15,25.60
2016-01-25,25.85,25.85,26.00,25.75
2016-01-26,25.50,25.65,25.75,25.45
2016-01-27,25.50,25.60,25.75,25.50
2016-01-28,25.85,25.50,26.00,25.50
2016-01-29,26.60,25.85,26.80,25.80
2016-02-01,27.25,27.20,27.25,26.65
2016-02-02,26.85,27.10,27.10,26.85
2016-02-03,26.60,26.75,26.85,26.25
2016-02-15,27.05,26.80,27.35,26.60
2016-02-16,28.25,27.30,28.25,27.30
2016-02-17,28.15,28.30,28.30,27.65
2016-02-18,29.05,28.35,29.05,28.15
2016-02-19,29.10,29.00,29.10,28.60
2016-02-22,29.30,29.30,29.80,29.10
2016-02-23,29.30,29.40,29.45,28.95
2016-02-24,29.20,29.30,29.50,29.05
2016-02-25,29.50,29.30,29.60,29.25
2016-03-01,29.85,29.90,30.00,29.35
2016-03-02,29.95,29.90,30.25,29.80
2016-03-03,30.40,29.95,30.40,29.75
2016-03-04,29.75,30.40,30.45,29.65
2016-03-07,30.45,29.75,30.45,29.75
2016-03-08,30.60,30.60,30.75,30.10
2016-03-09,29.95,30.45,30.45,29.90
2016-03-10,30.70,30.00,30.70,30.00
2016-03-11,30.40,30.60,30.65,30.30
2016-03-14,30.70,30.85,30.85,30.40
2016-03-15,30.10,30.70,30.70,29.95
2016-03-16,30.40,30.20,30.40,29.95
2016-03-17,30.85,30.70,30.85,30.40
2016-03-18,31.60,31.05,31.60,31.05
2016-03-21,31.65,31.75,31.95,31.10
2016-03-22,32.10,31.75,32.10,31.25
2016-03-23,31.60,31.85,32.00,31.40
2016-03-24,30.85,31.60,31.60,30.85
2016-03-25,31.30,31.00,31.50,30.95
2016-03-28,31.35,31.20,31.40,30.90
2016-03-29,30.70,31.00,31.30,30.35
2016-03-30,31.25,30.85,31.45,30.85
2016-04-01,30.80,30.85,31.05,30.40
2016-04-06,30.00,30.40,30.50,30.00
2016-04-07,29.85,30.00,30.30,29.30
2016-04-08,30.20,29.75,30.20,29.45
2016-04-11,30.20,29.40,30.20,29.40
2016-04-12,30.50,30.20,30.60,29.90
2016-04-13,31.60,30.60,31.60,30.55
2016-04-14,33.00,31.70,33.25,31.70
2016-04-15,33.55,33.10,33.85,32.50
2016-04-18,33.95,33.95,35.00,33.25
2016-04-19,33.50,34.00,34.10,33.40
2016-04-20,32.85,34.15,34.20,32.60
2016-04-21,33.50,33.20,33.50,32.85
2016-04-22,33.10,33.50,33.55,33.00
2016-04-25,33.20,33.00,33.50,33.00
2016-04-26,32.95,33.25,33.50,32.75
2016-04-27,33.00,32.75,33.30,32.70
2016-04-28,33.25,33.45,33.60,32.80
2016-05-03,32.65,33.00,33.00,32.40
2016-05-04,31.00,32.00,32.35,30.45
2016-05-05,30.80,30.40,31.10,30.40
2016-05-06,30.70,30.50,31.00,30.15
2016-05-09,30.00,30.30,30.70,30.00
2016-05-10,30.20,29.80,30.40,29.70
2016-05-11,29.65,30.40,30.55,29.60
2016-05-12,29.70,29.50,29.80,29.45
2016-05-13,29.00,29.40,29.55,28.80
2016-05-16,28.60,28.60,28.75,28.30
2016-05-17,29.00,28.65,29.15,28.40
2016-05-18,28.50,28.50,28.80,28.25
2016-05-19,27.70,28.40,28.45,27.55
2016-05-20,28.30,27.80,28.45,27.70
2016-05-23,28.80,28.30,29.20,27.60
2016-05-24,28.90,29.00,29.15,28.80
2016-05-25,29.25,29.50,29.50,28.90
2016-05-26,29.30,29.25,29.40,28.85
2016-05-27,29.45,29.40,29.45,29.20
2016-05-30,29.65,29.30,29.85,29.20
2016-06-01,29.90,30.00,30.20,29.65
2016-06-02,30.00,29.90,30.10,29.80
2016-06-03,30.70,30.10,30.70,30.05
2016-06-04,30.60,30.70,30.90,30.50
2016-06-06,29.95,30.95,30.95,29.90
2016-06-07,31.30,30.40,31.45,30.40
2016-06-08,31.60,31.30,31.65,31.15
2016-06-13,31.50,31.60,31.95,31.20
2016-06-14,31.30,31.45,31.75,31.15
2016-06-15,32.20,31.30,32.55,31.30
2016-06-16,30.65,32.00,32.00,30.60
2016-06-17,31.90,30.95,31.90,30.95
2016-06-20,32.20,32.20,32.40,31.90
2016-06-21,32.50,32.20,32.50,32.15
2016-06-22,32.75,32.50,32.75,32.10
2016-06-23,31.95,32.70,32.70,31.90
2016-06-24,31.50,32.30,32.40,31.20
2016-06-27,31.50,31.05,31.65,31.05
2016-06-28,31.85,31.00,31.90,30.85
2016-06-29,31.50,31.80,31.95,31.45
2016-07-01,32.65,32.50,32.70,32.20
2016-07-04,33.65,32.70,33.65,32.65
2016-07-05,33.95,33.70,34.35,33.55
2016-07-06,33.10,33.95,33.95,32.80
2016-07-07,34.10,33.10,34.15,33.10
2016-07-11,35.10,34.70,35.10,34.30
2016-07-12,34.80,35.10,35.10,34.50
2016-07-13,35.00,34.95,35.10,34.70
2016-07-14,35.05,35.00,35.10,34.80
2016-07-15,35.25,35.00,35.50,34.85
2016-07-18,35.50,35.30,35.50,35.05
2016-07-19,35.60,35.55,35.75,35.40
2016-07-20,35.30,35.60,36.00,35.25
2016-07-21,35.50,35.45,35.65,35.35
2016-07-22,34.85,35.45,35.95,34.65
2016-07-25,34.10,33.90,34.15,33.45
2016-07-26,33.75,34.10,34.10,33.60
2016-07-27,34.05,34.00,34.05,33.75
2016-07-28,34.10,33.95,34.10,33.65
2016-08-01,33.90,34.00,34.00,33.60
2016-08-02,34.40,33.90,34.40,33.85
2016-08-03,34.90,33.70,34.95,33.30
2016-08-04,34.50,34.90,34.90,34.10
2016-08-05,34.90,34.50,35.15,34.35
2016-08-08,35.00,35.00,35.10,34.65
2016-08-09,35.00,34.85,35.05,34.80
2016-08-10,35.05,35.00,35.10,34.60
2016-08-11,35.00,34.65,35.00,34.60
2016-08-12,35.00,35.00,35.00,34.70
2016-08-15,35.00,34.95,35.00,34.75
2016-08-16,34.85,35.00,35.00,34.60
2016-08-17,34.20,34.80,34.80,34.15
2016-08-18,35.10,34.20,35.10,34.15
2016-08-19,36.75,36.00,38.00,36.00
2016-08-22,37.60,36.75,37.80,36.60
2016-08-23,37.55,37.60,37.60,37.05
2016-08-24,37.55,37.55,37.95,37.20
2016-08-25,37.80,37.60,37.90,37.55
2016-08-26,37.60,37.80,37.80,37.45
2016-08-29,36.80,37.60,37.95,36.60
2016-08-30,36.25,37.05,37.05,36.10
2016-08-31,36.25,36.25,36.50,36.10
2016-09-01,35.25,36.10,36.25,35.05
2016-09-02,35.75,35.40,35.75,35.20
2016-09-05,36.40,36.10,36.50,36.10
2016-09-06,37.50,36.45,37.50,36.30
2016-09-07,37.50,37.50,37.70,37.15
2016-09-08,36.50,37.50,37.55,36.45
2016-09-09,35.75,36.05,36.20,35.60
2016-09-10,35.50,35.10,35.80,34.95
2016-09-12,34.70,35.05,35.10,34.60
2016-09-13,34.40,34.70,35.00,34.10
2016-09-14,33.95,34.20,35.05,33.95
2016-09-19,34.60,34.00,34.60,33.90
2016-09-20,34.50,34.50,34.55,34.15
2016-09-21,36.30,34.50,36.30,34.35
2016-09-22,35.80,36.60,36.60,35.50
2016-09-23,35.80,35.85,36.20,35.30
2016-09-26,36.05,35.80,36.45,35.70
2016-09-29,36.60,36.65,36.70,36.10
2016-09-30,35.65,36.25,36.30,35.60
2016-10-03,35.75,35.80,36.20,35.75
2016-10-04,35.95,36.20,36.20,35.65
2016-10-05,36.40,35.60,36.40,35.60
2016-10-06,36.60,36.40,36.65,36.05
2016-10-07,36.65,36.60,36.70,36.35
2016-10-11,36.05,36.85,36.85,35.80
2016-10-12,36.05,35.90,36.80,35.85
2016-10-13,35.00,36.05,36.05,35.00
2016-10-14,35.85,35.10,35.90,35.10
2016-10-17,36.05,36.05,36.10,35.15
2016-10-18,36.40,35.85,36.45,35.75
2016-10-19,37.35,36.40,37.35,36.40
2016-10-20,36.90,37.35,37.50,36.60
2016-10-21,36.70,37.00,37.10,36.70
2016-10-24,37.00,36.75,37.15,36.75
2016-10-25,37.45,37.50,37.80,37.20
2016-10-26,37.55,36.95,37.80,36.95
2016-10-27,37.55,37.35,37.55,37.05
2016-10-28,37.80,37.45,37.80,37.20
2016-10-31,37.85,37.45,37.95,36.90
2016-11-01,37.35,37.25,37.70,37.20
2016-11-02,36.25,37.00,37.05,36.20
2016-11-03,35.90,35.90,36.15,35.85
2016-11-04,36.05,35.85,36.05,35.55
2016-11-07,37.10,36.05,37.10,36.05
2016-11-08,37.50,37.30,37.65,37.05
2016-11-09,36.30,37.80,37.95,36.05
2016-11-10,38.15,36.90,38.20,36.90
2016-11-11,37.50,37.50,37.85,37.10
2016-11-14,37.05,37.40,37.75,36.85
2016-11-15,36.70,37.10,37.40,36.70
2016-11-16,36.55,37.20,37.25,36.55
2016-11-17,36.20,36.55,36.55,35.95
2016-11-18,35.85,36.10,36.15,35.60
2016-11-21,36.80,36.00,36.80,35.80
2016-11-22,37.10,36.70,37.20,36.60
2016-11-23,37.15,37.15,37.15,36.75
2016-11-24,36.75,37.00,37.05,36.55
2016-11-25,36.75,36.50,36.75,36.50
2016-11-28,37.00,36.75,37.10,36.55
2016-11-29,36.60,37.00,37.00,36.50
2016-11-30,36.85,36.90,37.05,36.55
2016-12-01,37.10,37.30,37.35,36.90
2016-12-02,37.10,36.70,37.25,36.70
2016-12-05,36.70,37.10,37.10,36.55
2016-12-06,36.95,37.25,37.30,36.70
2016-12-07,37.05,37.10,37.20,36.75
2016-12-08,38.00,37.10,38.00,37.05
2016-12-09,37.95,38.00,38.00,37.55
2016-12-12,37.90,38.00,38.30,37.60
2016-12-13,37.85,37.90,37.90,37.45
2016-12-14,37.70,37.85,37.85,37.60
2016-12-15,37.05,37.50,37.70,36.90
2016-12-16,36.65,37.05,37.20,36.55
2016-12-19,36.00,36.60,36.60,35.90
2016-12-20,36.25,36.20,36.30,36.05
2016-12-21,35.90,36.40,36.40,35.85
2016-12-22,35.00,35.90,35.90,35.00
2016-12-23,34.35,34.90,34.95,34.35
2016-12-26,34.25,34.40,34.85,34.00
2016-12-27,34.10,34.30,34.30,34.05
2016-12-28,34.50,34.20,34.50,34.15
2016-12-29,34.20,34.50,34.50,34.20
2016-12-30,35.15,34.50,35.15,34.30
2017-01-03,35.15,35.45,35.45,34.80
2017-01-04,35.25,35.20,35.30,35.00
2017-01-05,35.25,35.00,35.25,34.90
2017-01-06,35.25,35.30,35.30,34.90
2017-01-09,34.90,35.25,35.35,34.90
2017-01-10,34.95,34.80,35.15,34.65
2017-01-11,35.80,35.15,35.85,35.05
2017-01-12,36.30,35.85,36.30,35.70
2017-01-13,36.00,36.30,36.40,35.70
2017-01-16,35.80,35.80,36.05,35.60
2017-01-17,35.55,35.90,36.00,35.55
2017-01-18,35.45,35.45,35.55,35.30
2017-01-19,34.65,35.20,35.20,34.60
2017-01-20,34.95,34.80,35.10,34.75
2017-01-23,35.75,34.50,35.80,34.50
2017-01-24,35.40,35.75,36.00,35.30
2017-02-02,35.30,36.25,36.30,35.30
2017-02-03,36.00,35.25,36.00,35.20
2017-02-06,35.60,36.05,36.05,35.55
2017-02-07,35.25,35.40,35.50,35.20
2017-02-08,35.20,35.25,35.45,34.95
2017-02-09,36.30,35.00,36.30,35.00
2017-02-10,38.20,38.20,38.80,37.80
2017-02-13,38.00,38.20,38.20,37.60
2017-02-14,37.80,37.35,38.20,37.35
2017-02-15,38.05,37.80,38.25,37.70
2017-02-16,37.65,38.10,38.15,37.55
2017-02-17,37.50,37.65,37.65,37.10
2017-02-18,37.30,37.50,37.60,37.15
2017-02-20,36.60,37.30,37.35,36.50
2017-02-21,37.05,36.70,37.40,36.70
2017-02-22,38.20,37.45,38.40,37.25
2017-02-23,38.00,38.30,38.30,37.65
2017-02-24,37.65,38.00,38.10,37.65
2017-03-01,37.70,37.65,38.25,37.60
2017-03-02,38.15,38.00,38.90,38.00
2017-03-03,38.00,38.15,38.55,38.00
2017-03-06,37.80,37.90,38.10,37.75
2017-03-07,38.20,37.80,38.25,37.80
2017-03-08,38.15,38.20,38.45,38.15
2017-03-09,37.50,38.00,38.00,37.50
2017-03-10,37.00,37.30,37.30,36.85
2017-03-13,37.60,37.20,37.95,37.20
2017-03-14,37.80,37.60,37.90,37.45
2017-03-15,38.20,37.70,38.40,37.55
2017-03-16,38.00,38.20,38.50,37.90
2017-03-17,38.20,38.15,38.40,37.95
2017-03-20,38.15,38.00,38.20,37.90
2017-03-21,38.40,38.00,38.40,37.85
2017-03-22,37.90,37.95,38.00,37.75
2017-03-23,38.00,38.15,38.25,37.70
2017-03-24,38.00,38.00,38.10,37.80
2017-03-27,37.75,37.85,37.85,37.55
2017-03-28,37.15,37.80,37.80,36.90
2017-03-29,37.70,37.40,37.70,37.25
2017-03-30,36.85,37.65,37.65,36.85
2017-03-31,36.30,37.10,37.20,36.30
2017-04-05,37.05,36.40,37.20,36.40
2017-04-06,37.30,37.20,37.45,37.10
2017-04-07,37.15,36.95,37.25,36.50
2017-04-10,37.00,37.15,37.15,36.85
2017-04-11,36.90,37.00,37.30,36.90
2017-04-12,36.85,37.25,37.50,36.70
2017-04-13,36.75,36.90,37.05,36.75
2017-04-14,36.50,36.60,36.75,36.40
2017-04-17,36.50,36.65,36.70,36.35
2017-04-18,36.45,36.60,36.65,36.25
2017-04-19,--,--,--,--
2017-04-20,--,--,--,--
2017-04-21,35.60,36.45,37.10,35.35
2017-04-24,36.25,35.80,37.30,35.75
2017-04-25,35.55,36.20,36.20,35.45
2017-04-26,35.65,35.65,35.85,35.50
2017-04-27,35.30,35.55,35.65,35.10
2017-04-28,35.10,35.30,35.30,35.05
2017-05-02,35.20,35.40,35.40,35.15
2017-05-03,35.20,35.10,35.30,35.00
2017-05-04,35.25,35.20,35.25,35.00
2017-05-05,34.70,35.05,35.10,34.70
2017-05-08,34.55,34.75,34.80,34.50
2017-05-09,34.65,34.50,34.80,34.45
2017-05-10,34.75,34.65,34.75,34.50
2017-05-11,34.55,34.80,35.00,34.15
2017-05-12,34.05,34.60,34.70,34.00
2017-05-15,34.60,34.05,34.65,34.05
2017-05-16,35.10,34.80,35.10,34.70
2017-05-17,34.80,34.90,34.95,34.65
2017-05-18,34.75,34.55,34.80,34.35
2017-05-19,34.50,34.60,34.65,34.50
2017-05-22,34.60,34.85,34.85,34.40
2017-05-23,34.30,34.40,34.45,34.25
2017-05-24,34.50,34.30,34.50,34.15
2017-05-25,34.80,34.35,34.95,34.35
2017-05-26,34.65,34.70,34.85,34.55
2017-05-31,34.40,34.65,34.80,34.40
2017-06-01,34.35,34.40,34.60,34.35
2017-06-02,34.60,34.40,34.70,34.40
2017-06-03,34.70,34.70,34.80,34.65
2017-06-05,34.55,34.80,34.85,34.50
2017-06-06,34.40,34.40,34.55,34.40
2017-06-07,34.35,34.40,34.45,34.10
2017-06-08,34.35,34.35,34.50,34.10
2017-06-09,34.60,34.35,34.60,34.30
2017-06-12,34.10,34.60,34.60,34.10
2017-06-13,34.20,34.40,34.45,34.20
2017-06-14,34.25,34.20,34.30,34.00
2017-06-15,34.00,34.25,34.25,33.50
2017-06-16,33.85,33.90,33.90,33.50
2017-06-19,33.90,33.65,33.90,33.60
2017-06-20,34.45,33.90,34.55,33.85
2017-06-21,34.80,34.50,34.80,34.20
2017-06-22,34.90,34.70,34.95,34.70
2017-06-23,34.90,34.85,34.95,34.70
2017-06-26,35.00,34.90,35.00,34.80
2017-06-27,34.75,35.00,35.20,34.75
2017-06-28,35.10,34.85,35.10,34.65
2017-06-29,35.10,35.15,35.15,34.90
2017-06-30,35.20,35.10,35.25,34.95
2017-07-03,35.45,35.25,35.50,35.20
2017-07-04,35.45,35.35,35.70,35.30
2017-07-05,35.60,35.45,35.60,35.30
2017-07-06,35.45,35.60,35.65,35.30
2017-07-07,35.20,35.35,35.40,35.05
2017-07-10,35.00,35.00,35.25,34.75
2017-07-11,35.15,34.85,35.45,34.85
2017-07-12,34.95,35.25,35.30,34.90
2017-07-13,35.10,35.25,35.55,35.05
2017-07-14,35.50,35.00,35.60,34.95
2017-07-17,35.80,35.40,35.85,35.35
2017-07-18,35.90,35.65,36.05,35.25
2017-07-19,36.15,35.80,36.20,35.70
2017-07-20,36.20,36.00,36.25,35.95
2017-07-21,36.10,36.20,36.25,36.05
2017-07-24,36.00,36.10,36.10,35.80
2017-07-25,34.55,34.65,34.80,34.50
2017-07-26,34.50,34.50,34.65,34.35
2017-07-27,35.20,34.50,35.30,34.50
2017-07-28,35.20,35.00,35.30,34.90
2017-07-31,35.00,35.05,35.25,34.95
2017-08-01,35.00,34.90,35.25,34.90
2017-08-02,35.10,35.05,35.20,34.95
2017-08-03,34.90,34.90,35.05,34.80
2017-08-04,34.80,34.85,35.10,34.80
2017-08-07,35.00,34.80,35.15,34.80
2017-08-08,35.10,34.80,35.10,34.80
2017-08-09,34.75,35.00,35.00,34.55
2017-08-10,34.40,34.70,34.75,34.30
2017-08-11,34.10,34.10,34.20,34.00
2017-08-14,34.55,34.15,34.65,34.15
2017-08-15,34.25,34.50,34.60,34.20
2017-08-16,34.35,34.20,34.45,34.10
2017-08-17,34.25,34.30,34.35,34.05
2017-08-18,34.25,34.15,34.30,34.05
2017-08-21,34.10,34.25,34.25,34.10
2017-08-22,34.25,34.25,34.30,34.10
2017-08-23,34.45,34.25,34.75,34.15
2017-08-24,34.70,34.40,34.75,34.25
2017-08-25,34.85,34.65,34.95,34.55
2017-08-28,34.80,34.90,34.95,34.70
2017-08-29,34.70,34.70,34.75,34.55
2017-08-30,34.75,34.70,34.80,34.60
2017-08-31,34.85,34.70,34.90,34.60
2017-09-01,34.65,34.70,34.75,34.50
2017-09-04,34.45,34.50,34.60,34.40
2017-09-05,34.25,34.40,34.45,34.15
2017-09-06,34.10,34.15,34.20,34.10
2017-09-07,33.80,34.10,34.15,33.80
2017-09-08,34.05,33.85,34.10,33.80
2017-09-11,33.95,34.00,34.00,33.85
2017-09-12,33.85,33.90,33.95,33.80
2017-09-13,33.75,33.85,33.90,33.75
2017-09-14,33.70,33.75,33.90,33.65
2017-09-15,33.80,33.60,33.85,33.60
2017-09-18,34.30,34.00,34.50,33.85
2017-09-19,33.95,34.05,34.15,33.80
2017-09-20,33.90,33.90,34.10,33.85
2017-09-21,33.80,33.85,33.90,33.75
2017-09-22,33.90,33.85,33.95,33.80
2017-09-25,34.05,33.90,34.10,33.85
2017-09-26,34.00,33.90,34.05,33.90
2017-09-27,33.95,33.90,34.10,33.90
2017-09-28,33.80,33.90,33.95,33.65
2017-09-29,33.80,33.80,33.85,33.70
2017-09-30,33.80,33.80,33.85,33.75
2017-10-02,33.65,33.80,33.85,33.65
2017-10-03,33.70,33.70,33.75,33.65
2017-10-05,33.80,33.65,33.80,33.65
2017-10-06,33.75,33.80,33.85,33.70
2017-10-11,34.00,33.95,34.20,33.90
2017-10-12,33.90,33.90,34.05,33.80
2017-10-13,33.75,33.85,33.95,33.70
2017-10-16,33.85,33.85,34.00,33.70
2017-10-17,33.90,33.90,33.90,33.75
2017-10-18,33.80,33.95,33.95,33.75
2017-10-19,33.75,33.75,33.85,33.70
2017-10-20,33.90,33.70,33.90,33.55
2017-10-23,33.80,33.70,33.90,33.70
2017-10-24,33.55,33.65,33.75,33.50
2017-10-25,33.50,33.50,33.60,33.50
2017-10-26,33.45,33.55,33.65,33.45
2017-10-27,33.45,33.50,33.65,33.40
2017-10-30,33.45,33.50,33.55,33.45
2017-10-31,33.50,33.40,33.75,33.40
2017-11-01,33.60,33.65,33.65,33.50
2017-11-02,33.60,33.60,33.80,33.60
2017-11-03,33.70,33.60,33.70,33.60
2017-11-06,33.70,33.65,33.75,33.50
2017-11-07,33.40,33.65,33.70,33.40
2017-11-08,33.50,33.50,33.60,33.40
2017-11-09,33.50,33.60,33.65,33.45
2017-11-10,33.55,33.50,33.70,33.35
2017-11-13,33.65,33.60,33.70,33.50
2017-11-14,33.65,33.65,33.75,33.55
2017-11-15,34.70,33.95,34.95,33.95
2017-11-16,34.30,34.80,34.85,34.25
2017-11-17,34.65,34.50,34.75,34.50
2017-11-20,34.20,34.50,34.80,34.20
2017-11-21,34.35,34.25,34.55,34.25
2017-11-22,34.70,34.35,34.70,34.30
2017-11-23,34.50,34.50,34.85,34.35
2017-11-24,34.55,34.40,34.75,34.35
2017-11-27,34.40,34.60,34.60,34.25
2017-11-28,33.60,34.20,34.25,33.60
2017-11-29,33.90,33.65,34.00,33.65
2017-11-30,33.55,33.90,33.95,33.55
2017-12-01,33.70,33.90,33.90,33.55
2017-12-04,33.95,33.60,33.95,33.55
2017-12-05,33.95,33.90,33.95,33.60
2017-12-06,33.80,33.90,34.65,33.80
2017-12-07,33.90,34.00,34.15,33.85
2017-12-08,33.80,33.95,34.05,33.70
2017-12-11,34.10,33.90,34.10,33.70
2017-12-12,33.90,34.10,34.10,33.70
2017-12-13,34.10,33.90,34.10,33.80
2017-12-14,34.10,34.10,34.20,34.05
2017-12-15,34.00,34.10,34.10,33.65
2017-12-18,34.10,34.05,34.10,33.85
2017-12-19,34.45,34.15,34.60,34.00
2017-12-20,34.55,34.45,34.70,34.35
2017-12-21,34.55,34.50,34.70,34.45
2017-12-22,35.15,34.55,35.30,34.50
2017-12-25,36.15,35.30,36.25,35.10
2017-12-26,36.40,36.10,36.50,35.95
2017-12-27,36.20,36.10,36.45,36.00
2017-12-28,36.20,36.10,36.25,36.00
2017-12-29,36.45,36.20,36.80,36.10
2018-01-02,36.55,36.45,36.60,36.05
2018-01-03,37.35,36.50,37.35,36.25
2018-01-04,37.20,37.35,37.45,36.75
2018-01-05,37.30,37.50,37.50,37.05
2018-01-08,38.20,37.40,38.30,37.20
2018-01-09,38.30,38.10,38.55,37.90
2018-01-10,38.45,38.30,38.50,38.00
2018-01-11,37.50,38.30,38.35,37.45
2018-01-12,37.60,37.75,37.95,37.35
2018-01-15,37.85,37.65,37.85,37.55
2018-01-16,38.10,37.95,38.10,37.70
2018-01-17,38.50,38.00,38.50,37.90
2018-01-18,37.85,38.60,38.65,37.75
2018-01-19,37.90,37.95,38.10,37.75
2018-01-22,37.85,37.90,37.90,37.55
2018-01-23,37.30,37.80,37.80,36.85
2018-01-24,37.30,37.45,37.45,36.90
2018-01-25,37.60,37.30,37.65,37.25
2018-01-26,38.20,37.75,38.20,37.50
2018-01-29,37.95,38.30,38.40,37.70
2018-01-30,37.90,38.00,38.05,37.70
2018-01-31,37.65,37.60,37.90,37.35
2018-02-01,37.90,37.65,37.95,37.65
2018-02-02,37.90,38.00,38.00,37.40
2018-02-05,37.80,37.10,37.80,37.10
2018-02-06,35.50,36.80,36.80,34.80
2018-02-07,36.40,36.10,36.80,36.00
2018-02-08,36.75,36.55,36.85,36.50
2018-02-09,35.60,35.30,36.20,35.10
2018-02-12,35.95,35.60,36.20,35.30
2018-02-21,37.20,37.00,37.20,36.55
2018-02-22,36.50,36.80,36.95,36.35
2018-02-23,36.85,36.60,36.95,36.55
2018-02-26,36.55,36.95,37.00,36.55
2018-02-27,37.00,36.70,37.00,36.60
2018-03-01,37.00,37.15,37.20,36.60
2018-03-02,36.90,36.50,37.00,36.50
2018-03-05,36.30,36.70,36.80,36.15
2018-03-06,36.50,36.55,36.75,36.45
2018-03-07,36.40,36.30,36.60,36.30
2018-03-08,36.40,36.40,36.65,36.40
2018-03-09,36.65,36.50,36.70,36.45
2018-03-12,37.20,36.70,37.20,36.70
2018-03-13,37.50,37.00,37.55,36.95
2018-03-14,37.50,37.50,37.70,37.30
2018-03-15,37.60,37.35,37.70,37.35
2018-03-16,37.60,37.60,37.70,37.00
2018-03-19,37.55,37.45,37.55,37.20
2018-03-20,37.35,37.35,37.35,36.95
2018-03-21,37.35,37.45,37.45,37.15
2018-03-22,37.55,37.35,37.65,37.30
2018-03-23,37.00,36.80,37.00,36.65
2018-03-26,36.60,36.85,36.90,36.35
2018-03-27,37.15,36.80,37.20,36.80
2018-03-28,37.00,37.10,37.10,36.80
2018-03-29,36.55,36.65,36.80,36.35
2018-03-30,36.60,36.50,36.80,36.40
2018-03-31,36.55,36.60,36.70,36.55
2018-04-02,36.65,36.55,36.85,36.50
2018-04-03,36.95,36.30,36.95,36.20
2018-04-09,37.35,37.40,37.45,37.15
2018-04-10,38.20,37.25,38.40,37.25
2018-04-11,38.45,38.45,38.80,38.15
2018-04-12,38.10,38.60,38.60,37.90
2018-04-13,38.20,38.00,38.40,37.90
2018-04-16,38.25,38.00,38.25,37.90
2018-04-17,38.00,38.25,38.25,37.60
2018-04-18,38.20,38.00,38.35,38.00
2018-04-19,39.00,38.10,39.20,38.00
2018-04-20,38.75,38.90,39.30,38.60
2018-04-23,38.90,38.75,39.10,38.70
2018-04-24,40.85,39.50,41.00,39.50
2018-04-25,40.20,40.65,40.90,39.85
2018-04-26,40.50,40.25,40.90,40.25
2018-04-27,40.30,40.90,40.90,40.10
2018-04-30,40.85,40.70,40.85,40.15
2018-05-02,40.85,40.85,41.40,40.70
2018-05-03,39.40,40.65,40.80,39.15
2018-05-04,39.55,39.60,40.10,39.50
2018-05-07,40.40,40.00,41.35,40.00
2018-05-08,40.80,40.40,41.20,40.00
2018-05-09,40.60,40.70,40.75,40.40
2018-05-10,41.10,40.80,41.30,40.60
2018-05-11,41.25,41.15,41.45,40.85
2018-05-14,43.15,41.90,43.25,41.90
2018-05-15,43.50,43.20,43.95,42.50
2018-05-16,45.90,46.90,47.30,44.85
2018-05-17,45.65,46.35,46.40,45.50
2018-05-18,45.55,46.00,46.15,45.10
2018-05-21,46.00,46.00,46.35,45.40
2018-05-22,45.60,46.00,46.05,45.35
2018-05-23,44.10,45.65,45.70,43.70
2018-05-24,44.75,44.60,44.75,43.80
2018-05-25,43.90,45.10,45.10,43.90
2018-05-28,43.95,44.20,44.30,43.85
2018-05-29,43.40,44.00,44.00,42.95
2018-05-30,43.75,43.30,44.25,42.90
2018-05-31,43.60,44.25,44.25,43.45
2018-06-01,43.75,43.70,44.15,43.50
2018-06-04,45.65,44.15,45.70,43.85
2018-06-05,45.20,45.70,45.70,44.45
2018-06-06,44.80,45.00,45.00,44.50
2018-06-07,44.75,45.10,45.25,44.65
2018-06-08,45.00,44.65,45.15,44.35
2018-06-11,44.60,45.15,45.15,44.30
2018-06-12,44.50,44.70,44.80,44.40
2018-06-13,45.45,45.00,45.60,44.45
2018-06-14,44.90,45.00,45.35,44.85
2018-06-15,45.25,45.10,45.70,44.60
2018-06-19,43.85,44.55,44.60,43.80
2018-06-20,44.75,43.80,44.90,43.25
2018-06-21,44.75,44.80,44.85,44.20
2018-06-22,44.60,44.65,45.10,44.10
2018-06-25,44.70,44.50,44.95,44.10
2018-06-26,43.70,44.70,44.70,43.70
2018-06-27,43.00,43.70,43.70,42.35
2018-06-28,42.40,42.55,43.00,42.25
2018-06-29,42.35,42.40,42.45,41.80
2018-07-02,41.85,42.40,42.75,41.50
2018-07-03,42.75,43.25,43.25,41.90
2018-07-04,42.00,42.50,42.50,41.60
2018-07-05,42.05,42.00,42.40,41.80
2018-07-06,41.60,41.90,41.95,41.10
2018-07-09,42.75,41.75,42.95,41.60
2018-07-10,43.25,43.00,43.30,42.50
2018-07-11,42.15,42.60,42.60,41.90
2018-07-12,42.70,42.15,43.10,41.95
2018-07-13,43.50,43.35,43.75,42.80
2018-07-16,42.50,43.50,43.50,42.40
2018-07-17,42.15,42.50,42.80,42.10
2018-07-18,42.25,42.60,42.75,42.15
2018-07-19,42.75,42.30,42.90,42.25
2018-07-20,42.30,42.80,43.05,42.10
2018-07-23,42.65,42.45,42.80,42.20
2018-07-24,45.50,42.80,45.70,42.65
2018-07-25,45.10,45.15,45.50,44.70
2018-07-26,40.50,40.80,42.20,40.10
2018-07-27,40.30,40.80,41.65,40.30
2018-07-30,40.70,40.50,41.25,40.50
2018-07-31,39.35,39.30,39.65,39.10
2018-08-01,41.05,39.70,41.40,39.55
2018-08-02,40.60,40.95,41.10,40.45
2018-08-03,40.45,40.80,41.35,40.40
2018-08-06,40.35,40.45,40.75,40.20
2018-08-07,40.15,40.40,40.60,40.15
2018-08-08,40.60,40.40,41.05,40.35
2018-08-09,40.50,40.50,40.85,40.10
2018-08-10,41.50,40.65,41.70,40.60
2018-08-13,42.15,42.65,43.70,41.85
2018-08-14,43.30,42.20,43.65,42.20
2018-08-15,42.35,43.55,43.55,42.35
2018-08-16,42.00,41.85,42.15,41.25
2018-08-17,42.05,42.30,43.00,42.00
2018-08-20,42.00,42.60,42.60,41.80
2018-08-21,42.90,42.20,42.90,41.90
2018-08-22,42.95,42.80,43.20,42.60
2018-08-23,43.10,43.10,43.40,42.55
2018-08-24,42.80,43.00,43.05,42.60
2018-08-27,43.30,43.30,43.50,42.90
2018-08-28,43.30,43.45,43.60,43.00
2018-08-29,43.40,43.40,43.40,43.10
2018-08-30,42.00,43.35,43.35,41.50
2018-08-31,42.35,41.70,42.35,41.50
2018-09-03,41.35,42.10,42.10,41.15
2018-09-04,42.10,41.35,42.15,41.30
2018-09-05,41.55,41.70,42.00,41.50
2018-09-06,41.80,41.50,41.95,41.30
2018-09-07,41.30,41.35,41.60,41.25
2018-09-10,37.95,40.25,40.40,37.40
2018-09-11,38.00,38.30,38.55,36.95
2018-09-12,38.55,37.95,38.55,37.95
2018-09-13,39.10,39.15,39.55,39.00
2018-09-14,39.65,39.10,39.80,38.55
2018-09-17,39.30,39.80,39.85,38.80
2018-09-18,39.70,39.00,39.80,38.90
2018-09-19,40.15,39.80,41.00,39.80
2018-09-20,40.10,40.10,40.80,39.70
2018-09-21,40.40,40.20,41.00,40.20
2018-09-25,40.20,41.20,41.20,40.10
2018-09-26,39.90,40.40,40.50,39.85
2018-09-27,40.25,39.60,40.45,39.60
2018-09-28,41.10,41.00,41.60,40.85
2018-10-01,41.05,41.50,41.90,40.90
2018-10-02,40.30,41.15,41.20,40.10
2018-10-03,40.20,40.70,40.70,39.95
2018-10-04,39.80,40.15,40.25,39.50
2018-10-05,39.70,40.10,40.10,39.15
2018-10-08,39.75,39.65,39.95,39.40
2018-10-09,40.05,40.00,40.30,39.60
2018-10-11,37.60,38.10,38.60,37.00
2018-10-12,39.00,37.25,39.00,37.00
2018-10-15,38.50,38.55,38.75,38.10
2018-10-16,38.20,38.40,38.40,37.80
2018-10-17,38.25,38.60,38.90,38.15
2018-10-18,38.00,38.60,38.60,37.80
2018-10-19,37.25,37.65,37.65,37.10
2018-10-22,37.55,37.20,37.85,37.20
2018-10-23,36.00,37.30,37.35,35.55
2018-10-24,34.15,35.95,35.95,33.55
2018-10-25,34.00,33.10,34.25,32.90
2018-10-26,33.50,34.30,34.45,32.90
2018-10-29,33.90,33.80,34.10,33.20
2018-10-30,34.10,33.90,34.60,33.75
2018-10-31,34.70,34.50,35.10,34.30
2018-11-01,35.65,34.45,35.85,34.45
2018-11-02,36.45,36.25,36.45,36.00
2018-11-05,35.35,36.00,36.00,35.00
2018-11-06,35.10,35.60,35.80,34.80
2018-11-07,35.50,35.30,35.75,35.30
2018-11-08,35.50,36.00,36.00,35.20
2018-11-09,34.90,35.35,35.35,34.70
2018-11-12,35.60,34.90,35.60,34.90
2018-11-13,36.40,35.00,36.40,35.00
2018-11-14,36.35,37.05,37.20,36.05
2018-11-15,36.15,36.40,36.45,36.00
2018-11-16,36.45,36.60,36.60,36.10
2018-11-19,36.50,36.50,36.65,36.15
2018-11-20,36.65,36.50,37.00,36.25
2018-11-21,35.70,36.25,36.25,35.50
2018-11-22,34.85,35.70,35.75,34.60
2018-11-23,34.70,35.00,35.00,34.50
2018-11-26,35.35,34.80,35.45,34.80
2018-11-27,33.50,33.00,33.65,32.70
2018-11-28,34.05,33.65,34.15,33.20
2018-11-29,34.05,34.45,34.60,33.95
2018-11-30,34.50,34.30,34.75,34.20
2018-12-03,35.85,34.95,36.00,34.90
2018-12-04,35.05,35.85,35.85,34.85
2018-12-05,34.85,34.50,35.30,34.35
2018-12-06,34.65,34.85,35.15,34.60
2018-12-07,35.05,34.70,35.45,34.70
2018-12-10,34.75,34.90,34.95,34.70
2018-12-11,34.80,35.10,35.35,34.80
2018-12-12,34.95,35.00,35.05,34.80
2018-12-13,35.50,34.95,35.55,34.85
2018-12-14,35.75,35.40,35.80,35.10
2018-12-17,36.00,35.60,36.20,35.55
2018-12-18,35.65,35.85,36.20,35.55
2018-12-19,36.00,35.80,36.00,35.65
2018-12-20,35.40,35.80,36.15,35.30
2018-12-21,35.40,35.40,35.65,35.30
2018-12-22,35.45,35.40,35.60,35.30
2018-12-24,35.80,35.60,35.95,35.50
2018-12-25,35.85,35.05,35.85,34.95
2018-12-26,35.40,35.80,35.85,35.35
2018-12-27,35.40,35.80,35.80,35.40
2018-12-28,35.60,35.40,35.75,35.40
2019-01-02,35.50,35.75,35.95,35.50
2019-01-03,35.15,35.50,35.60,35.10
2019-01-04,35.45,35.00,35.65,34.90
2019-01-07,36.00,35.85,36.20,35.80
2019-01-08,35.55,35.90,35.95,35.55
2019-01-09,36.35,35.95,36.35,35.90
2019-01-10,36.55,36.55,36.95,36.40
2019-01-11,36.40,36.70,36.70,36.20
2019-01-14,35.60,36.40,36.45,35.35
2019-01-15,35.70,35.80,36.00,35.60
2019-01-16,35.60,35.70,35.80,35.55
2019-01-17,35.45,35.60,35.80,35.40
2019-01-18,36.00,35.80,36.00,35.55
2019-01-21,36.25,36.20,36.30,35.85
2019-01-22,36.25,36.25,36.30,36.05
2019-01-23,36.45,36.20,36.45,36.05
2019-01-24,36.40,36.45,36.55,36.15
2019-01-25,36.60,36.40,36.75,36.30
2019-01-28,37.00,36.75,37.00,36.70
2019-01-29,37.10,37.00,37.10,36.70
2019-01-30,37.35,37.20,37.50,36.95
2019-02-11,37.65,37.90,37.90,37.35
2019-02-12,37.70,37.70,37.85,37.35
2019-02-13,37.65,37.70,37.95,37.55
2019-02-14,37.50,37.55,38.20,37.40
2019-02-15,37.45,37.70,37.70,36.95
2019-02-18,36.90,37.40,37.55,36.85
2019-02-19,37.55,36.95,37.60,36.95
2019-02-20,37.85,37.80,38.20,37.65
2019-02-21,39.30,38.15,39.45,38.05
2019-02-22,38.70,39.15,39.15,38.65
2019-02-25,38.45,39.00,39.00,38.30
2019-02-26,38.20,38.25,38.50,38.20
2019-02-27,38.40,38.20,38.45,38.15
2019-03-04,38.20,38.40,38.45,38.00
2019-03-05,38.00,38.10,38.30,37.95
2019-03-06,38.25,38.00,38.30,37.95
2019-03-07,38.00,38.10,38.45,38.00
2019-03-08,38.00,38.00,38.10,37.75
2019-03-11,37.85,38.00,38.15,37.85
2019-03-12,38.40,37.90,38.65,37.85
2019-03-13,38.50,38.45,38.60,38.35
2019-03-14,38.60,38.50,38.60,38.45
2019-03-15,38.65,38.70,38.80,38.55
2019-03-18,37.80,38.75,38.85,37.60
2019-03-19,38.10,37.90,38.30,37.85
2019-03-20,38.05,38.10,38.25,38.00
2019-03-21,38.85,38.05,38.90,38.05
2019-03-22,38.70,38.95,39.25,38.50
2019-03-25,40.50,40.00,40.80,39.85
2019-03-26,40.45,40.55,40.70,40.20
2019-03-27,40.55,40.60,40.90,40.45
2019-03-28,41.00,40.75,41.70,40.75
2019-03-29,41.25,41.40,41.40,41.10
2019-04-01,41.35,41.55,41.80,41.25
2019-04-02,41.40,41.65,41.70,41.30
2019-04-03,41.70,41.55,41.75,41.50
2019-04-08,42.30,41.95,42.35,41.95
2019-04-09,42.15,42.45,42.55,41.95
2019-04-10,42.00,42.15,42.20,41.75
2019-04-11,42.05,42.25,42.40,41.95
2019-04-12,42.00,42.20,42.30,41.95
2019-04-15,42.50,42.20,42.50,42.10
2019-04-16,42.30,42.50,42.55,42.15
2019-04-17,41.95,42.40,42.45,41.90
2019-04-18,41.60,42.00,42.10,41.30
2019-04-19,41.70,41.60,41.80,41.40
2019-04-22,41.00,41.60,41.65,41.00
2019-04-23,41.60,40.85,41.65,40.55
2019-04-24,41.55,41.75,41.75,41.35
2019-04-25,41.80,41.50,41.80,41.30
2019-04-26,41.75,41.85,41.85,41.55
2019-04-29,42.10,41.90,42.10,41.80
2019-04-30,42.00,42.10,42.25,41.95
2019-05-02,42.20,42.20,42.35,42.10
2019-05-03,42.85,42.25,42.90,42.25
2019-05-06,42.30,42.40,42.75,42.20
2019-05-07,42.90,42.35,43.00,42.35
2019-05-08,43.00,42.45,43.15,42.35
2019-05-09,42.50,43.00,43.00,42.50
2019-05-10,42.50,42.60,43.05,42.40
2019-05-13,42.00,42.70,42.85,42.00
2019-05-14,41.55,41.55,41.80,41.20
2019-05-15,41.75,41.55,41.95,41.55
2019-05-16,42.00,41.70,42.40,41.60
2019-05-17,42.25,42.00,42.50,42.00
2019-05-20,42.35,42.50,42.60,42.20
2019-05-21,42.85,42.50,42.85,42.35
2019-05-22,42.70,42.90,42.95,42.45
2019-05-23,42.35,42.80,42.80,42.30
2019-05-24,42.35,42.35,42.65,42.25
2019-05-27,42.40,42.55,42.90,42.35
2019-05-28,42.30,42.70,42.70,42.30
2019-05-29,42.50,42.40,42.50,42.05
2019-05-30,42.80,42.45,42.80,42.40
2019-05-31,42.90,42.60,42.90,42.50
2019-06-03,43.40,42.65,43.40,42.60
2019-06-04,43.10,43.45,44.00,43.10
2019-06-05,43.00,43.25,43.40,42.90
2019-06-06,43.15,43.00,43.15,42.85
2019-06-10,43.85,43.50,43.95,43.30
2019-06-11,44.00,43.75,44.00,43.50
2019-06-12,43.75,43.95,44.00,43.45
2019-06-13,43.85,43.95,43.95,43.60
2019-06-14,43.95,43.90,44.00,43.80
2019-06-17,44.70,44.10,44.95,44.10
2019-06-18,45.20,45.00,45.30,44.90
2019-06-19,45.30,45.50,45.50,44.80
2019-06-20,45.40,45.35,45.45,45.05
2019-06-21,45.15,45.45,45.45,45.10
2019-06-24,45.60,45.15,45.60,45.05
2019-06-25,45.60,45.60,45.60,45.30
2019-06-26,45.55,45.65,45.65,45.50
2019-06-27,45.95,45.55,46.10,45.55
2019-06-28,46.05,46.00,46.05,45.60
2019-07-01,46.15,46.05,46.50,45.80
2019-07-02,46.35,46.00,46.60,45.90
2019-07-03,46.25,46.20,46.45,46.05
2019-07-04,45.90,46.20,46.25,45.70
2019-07-05,46.15,46.00,46.50,45.85
2019-07-08,46.20,46.15,46.35,46.00
2019-07-09,46.00,46.20,46.25,46.00
2019-07-10,45.85,46.05,46.20,45.80
2019-07-11,44.80,45.85,45.85,44.70
2019-07-12,44.35,44.70,45.00,44.20
2019-07-15,44.05,44.35,44.35,43.85
2019-07-16,44.75,44.05,44.85,44.00
2019-07-17,44.70,44.80,44.95,44.45
2019-07-18,44.60,44.60,44.75,44.50
2019-07-19,44.80,44.70,44.90,44.55
2019-07-22,44.90,45.00,45.15,44.80
2019-07-23,45.05,45.00,45.10,44.75
2019-07-24,44.80,45.05,45.10,44.80
2019-07-25,44.30,44.80,44.80,44.30
2019-07-26,44.65,44.20,44.65,44.15
2019-07-29,44.85,44.85,45.10,44.75
2019-07-30,44.80,44.95,44.95,44.60
2019-07-31,44.70,44.80,44.90,44.65
2019-08-01,44.05,44.50,44.55,44.00
2019-08-02,43.55,43.85,44.00,43.50
2019-08-05,43.55,43.50,43.85,43.40
2019-08-06,43.30,43.00,43.50,43.00
2019-08-07,43.35,43.40,43.75,43.30
2019-08-08,43.90,44.20,44.20,43.80
2019-08-12,43.95,43.90,44.15,43.90
2019-08-13,37.25,37.85,37.85,37.05
2019-08-14,38.30,37.90,38.40,37.55
2019-08-15,38.00,37.95,38.20,37.65
2019-08-16,37.95,38.10,38.10,37.80
2019-08-19,38.10,38.15,38.40,38.00
2019-08-20,38.15,38.30,38.30,38.10
2019-08-21,37.95,38.15,38.20,37.90
2019-08-22,37.85,38.10,38.15,37.80
2019-08-23,38.20,37.80,38.20,37.75
2019-08-26,37.70,37.85,37.85,37.15
2019-08-27,37.65,37.90,37.90,37.50
2019-08-28,37.70,37.65,37.70,37.50
2019-08-29,37.80,37.90,37.90,37.50
2019-08-30,38.45,38.00,38.45,37.85
2019-09-02,38.25,38.45,38.45,38.05
2019-09-03,38.35,38.25,38.45,38.25
2019-09-04,38.45,38.25,38.50,38.25
2019-09-05,39.00,38.50,39.00,38.50
2019-09-06,39.85,39.05,40.10,39.05
2019-09-09,40.00,40.00,40.20,39.80
2019-09-10,39.95,40.15,40.25,39.85
2019-09-11,40.00,40.15,40.15,39.75
2019-09-12,40.05,40.15,40.20,40.00
2019-09-16,40.10,40.05,40.25,39.90
2019-09-17,39.50,40.10,40.10,39.35
2019-09-18,39.80,39.60,40.10,39.60
2019-09-19,39.80,40.00,40.00,39.70
2019-09-20,40.20,39.80,40.20,39.65
2019-09-23,39.75,40.20,40.20,39.75
2019-09-24,39.80,39.90,39.95,39.60
2019-09-25,39.60,39.85,39.90,39.60
2019-09-26,39.90,39.85,40.00,39.65
2019-09-27,39.65,40.00,40.00,39.60
2019-10-01,39.65,39.90,39.95,39.50
2019-10-02,39.25,39.65,39.75,39.20
2019-10-03,39.00,38.95,39.10,38.65
2019-10-04,38.90,39.10,39.10,38.75
2019-10-07,39.30,39.05,39.35,39.00
2019-10-08,39.75,39.75,39.75,39.45
2019-10-09,39.50,39.75,39.80,39.50
2019-10-14,39.95,40.10,40.15,39.60
2019-10-15,40.00,40.00,40.05,39.75
2019-10-16,40.00,40.10,40.10,39.80
2019-10-17,40.10,40.05,40.10,39.95
2019-10-18,40.95,40.20,41.10,40.10
2019-10-21,41.50,41.25,41.75,41.25
2019-10-22,41.40,41.70,41.70,41.10
2019-10-23,40.95,41.40,41.40,40.80
2019-10-24,41.00,41.05,41.25,40.75
2019-10-25,40.85,41.20,41.25,40.60
2019-10-28,40.75,41.05,41.15,40.60
2019-10-29,40.65,40.90,40.90,40.35
2019-10-30,40.35,40.65,40.65,40.20
2019-10-31,40.45,40.50,40.65,40.35
2019-11-01,40.55,40.45,40.60,40.30
2019-11-04,40.95,40.70,41.15,40.65
2019-11-05,40.90,41.00,41.05,40.55
2019-11-06,40.80,40.90,40.95,40.75
2019-11-07,40.95,40.80,40.95,40.60
2019-11-08,40.90,41.00,41.05,40.85
2019-11-11,40.35,40.90,40.95,40.35
2019-11-12,40.65,40.50,40.65,40.40
2019-11-13,41.00,40.90,41.35,40.85
2019-11-14,41.15,41.15,41.20,40.85
2019-11-15,41.70,41.40,41.70,41.30
2019-11-18,42.10,41.90,42.15,41.90
2019-11-19,42.10,41.50,42.15,41.50
2019-11-20,42.65,42.25,42.90,42.10
2019-11-21,42.35,42.55,42.55,42.00
2019-11-22,42.10,42.50,42.50,42.00
2019-11-25,41.95,42.10,42.15,41.80
2019-11-26,41.80,42.20,42.35,41.80
2019-11-27,41.95,41.90,41.95,41.70
2019-11-28,42.00,42.00,42.15,41.85
2019-11-29,41.40,41.90,41.95,41.35
2019-12-02,41.35,41.40,41.45,41.20
2019-12-03,41.85,41.30,41.95,41.20
2019-12-04,41.75,41.85,41.85,41.35
2019-12-05,41.65,41.75,41.90,41.60
2019-12-06,41.75,41.70,41.85,41.55
2019-12-09,42.05,41.85,42.15,41.75
2019-12-10,42.10,42.05,42.20,41.90
2019-12-11,42.15,42.10,42.25,42.05
2019-12-12,42.30,42.25,42.40,42.20
2019-12-13,42.55,42.40,42.85,42.40
2019-12-16,42.80,42.85,43.00,42.65
2019-12-17,42.95,42.85,42.95,42.70
2019-12-18,43.00,42.85,43.10,42.80
2019-12-19,43.00,43.00,43.00,42.75
2019-12-20,42.95,43.00,43.10,42.80
2019-12-23,43.25,42.95,43.25,42.95
2019-12-24,43.15,43.25,43.35,43.05
2019-12-25,43.10,43.00,43.25,42.90
2019-12-26,43.05,43.15,43.15,42.90
2019-12-27,43.25,43.10,43.25,43.00
2019-12-30,43.65,43.35,43.90,43.30
2019-12-31,43.70,43.65,43.80,43.50
2020-01-02,44.10,43.80,44.15,43.80
2020-01-03,43.95,44.15,44.25,43.45
2020-01-06,43.45,43.50,43.70,43.30
2020-01-07,43.60,43.45,43.60,43.20
2020-01-08,43.40,43.15,43.55,43.15
2020-01-09,43.45,43.40,43.60,43.30
2020-01-10,43.50,43.45,43.50,43.35
2020-01-13,44.25,43.75,44.25,43.65
2020-01-14,44.55,44.25,44.55,44.25
2020-01-15,44.55,44.55,44.70,44.30
2020-01-16,44.75,44.50,44.95,44.45
2020-01-17,44.90,44.90,44.90,44.65
2020-01-20,44.95,44.95,45.00,44.85
2020-01-30,41.85,42.70,43.05,41.60
2020-01-31,42.05,41.75,42.50,41.75
2020-02-03,41.55,40.50,41.65,40.10
2020-02-04,42.40,41.60,42.70,41.60
2020-02-05,42.35,42.50,42.65,41.95
2020-02-06,43.00,42.50,43.10,42.45
2020-02-07,42.50,42.20,42.70,42.05
2020-02-10,42.40,42.00,42.60,41.70
2020-02-11,42.60,42.50,42.90,42.50
2020-02-12,42.80,42.60,43.00,42.60
2020-02-13,43.15,42.80,43.45,42.80
2020-02-14,43.20,43.20,43.40,43.15
2020-02-17,43.00,42.80,43.10,42.75
2020-02-18,43.05,43.00,43.20,42.90
2020-02-19,43.40,43.10,43.50,43.10
2020-02-20,43.15,43.55,43.80,43.15
2020-02-21,43.25,43.15,43.35,43.05
2020-02-24,43.00,43.00,43.20,42.80
2020-02-25,42.70,42.35,43.00,42.30
2020-02-26,42.20,42.15,42.60,42.10
2020-02-27,42.25,42.20,42.40,42.05
2020-03-02,42.25,41.40,42.60,41.40
2020-03-03,42.65,42.60,42.90,42.50
2020-03-04,42.85,42.60,42.95,42.60
2020-03-05,43.30,42.90,43.30,42.85
2020-03-06,42.85,43.20,43.20,42.50
2020-03-09,41.85,42.20,42.40,41.70
2020-03-10,41.60,41.20,41.90,41.20
2020-03-11,41.80,42.00,42.25,41.70
2020-03-12,40.75,41.70,41.80,40.40
2020-03-13,40.25,39.00,40.55,38.30
2020-03-16,38.85,40.25,40.25,38.85
2020-03-17,37.60,38.00,38.20,37.45
2020-03-18,36.00,37.30,37.50,36.00
2020-03-19,33.60,34.90,34.90,33.35
2020-03-20,36.95,34.15,36.95,34.15
2020-03-23,36.10,35.80,36.95,34.50
2020-03-24,38.25,38.30,38.70,37.80
2020-03-25,38.80,39.05,39.50,38.70
2020-03-26,38.60,39.50,39.50,38.55
2020-03-27,38.95,39.30,39.45,38.80
2020-03-30,39.15,38.25,39.20,38.00
2020-03-31,39.50,39.25,39.50,39.00
2020-04-01,39.00,39.50,39.55,39.00
2020-04-06,39.05,39.50,39.55,38.50
2020-04-07,39.95,39.60,40.10,39.50
2020-04-08,41.00,40.00,41.20,40.00
2020-04-09,40.55,41.00,41.10,40.50
2020-04-10,41.00,40.60,41.00,40.60
2020-04-13,40.80,40.80,41.10,40.70
2020-04-14,41.65,40.80,41.80,40.80
2020-04-15,41.80,41.90,42.05,41.80
2020-04-16,41.85,41.45,42.10,41.35
2020-04-17,42.00,42.20,42.40,41.95
2020-04-20,42.35,42.20,42.50,42.10
2020-04-21,41.80,42.35,42.45,41.60
2020-04-22,41.60,41.40,41.70,41.25
2020-04-23,42.15,41.60,42.40,41.60
2020-04-24,42.00,42.15,42.20,41.70
2020-04-27,42.00,42.25,42.40,42.00
2020-04-28,42.25,42.30,42.30,41.85
2020-04-29,42.55,42.30,42.55,42.25
2020-04-30,43.20,42.55,43.35,42.55
2020-05-04,42.20,41.60,42.65,41.60
2020-05-05,42.85,42.30,43.05,42.30
2020-05-06,42.60,42.55,42.95,42.30
2020-05-07,42.70,42.80,43.10,42.50
2020-05-08,43.00,43.10,43.10,42.75
2020-05-11,43.15,43.20,43.45,43.15
2020-05-12,42.95,42.75,43.10,42.75
2020-05-13,42.90,42.70,42.90,42.30
2020-05-14,42.60,42.55,42.80,42.20
2020-05-15,42.30,42.65,42.75,42.25
2020-05-18,42.35,42.00,42.70,42.00
2020-05-19,43.00,42.90,43.20,42.70
2020-05-20,42.90,43.20,43.20,42.90
2020-05-21,43.00,43.00,43.15,42.80
2020-05-22,42.65,43.00,43.10,42.60
2020-05-25,42.65,42.65,42.70,42.20
2020-05-26,43.00,42.95,43.20,42.80
2020-05-27,42.85,42.70,43.10,42.70
2020-05-28,42.35,42.85,42.90,42.35
2020-05-29,42.55,42.35,42.80,42.25
2020-06-01,43.10,42.95,43.15,42.75
2020-06-02,43.30,43.15,43.30,43.05
2020-06-03,43.65,43.50,43.90,43.40
2020-06-04,43.40,44.00,44.00,43.30
2020-06-05,43.65,43.50,43.65,43.35
2020-06-08,43.95,43.75,43.95,43.50
2020-06-09,43.90,43.65,43.90,43.60
2020-06-10,44.00,43.75,44.15,43.50
2020-06-11,43.30,43.90,44.05,43.30
2020-06-12,42.90,42.50,43.00,42.45
2020-06-15,42.50,42.75,42.95,42.50
2020-06-16,42.85,42.75,43.15,42.70
2020-06-17,42.85,42.80,42.85,42.55
2020-06-18,42.70,42.85,42.90,42.60
2020-06-19,42.55,42.80,43.20,42.55
2020-06-22,42.90,42.85,43.10,42.65
2020-06-23,42.70,43.00,43.00,42.70
2020-06-24,42.85,42.90,43.00,42.70
2020-06-29,42.65,42.60,42.85,42.60
2020-06-30,42.75,42.90,42.90,42.75
2020-07-01,43.10,42.75,43.20,42.70
2020-07-02,43.60,43.20,43.70,43.00
2020-07-03,43.95,43.80,44.05,43.80
2020-07-06,44.40,44.00,44.50,44.00
2020-07-07,44.50,44.40,44.55,44.05
2020-07-08,45.15,44.40,45.15,44.35
2020-07-09,45.30,45.40,45.45,45.15
2020-07-10,44.95,45.30,45.35,44.95
2020-07-13,45.20,45.00,45.30,44.90
2020-07-14,45.30,45.10,45.40,45.05
2020-07-15,45.60,45.40,45.75,45.30
2020-07-16,44.50,45.45,45.45,44.40
2020-07-17,44.80,44.85,45.10,44.65
2020-07-20,45.10,44.80,45.25,44.75
2020-07-21,45.55,45.25,45.80,45.20
2020-07-22,45.50,45.40,45.75,45.30
2020-07-23,45.60,45.50,45.65,45.20
2020-07-24,45.00,45.30,45.45,45.00
2020-07-27,44.60,44.95,45.25,44.60
2020-07-28,44.50,44.40,44.95,44.00
2020-07-29,45.05,44.50,45.25,44.35
2020-07-30,45.35,45.20,45.40,44.95
2020-07-31,45.00,45.35,45.50,45.00
2020-08-03,44.95,45.00,45.00,44.70
2020-08-04,45.40,44.95,45.65,44.95
2020-08-05,46.45,45.60,46.65,45.60
2020-08-06,47.15,46.95,47.15,46.50
2020-08-07,47.10,47.50,47.55,46.95
2020-08-10,46.60,46.90,47.00,46.50
2020-08-11,46.50,46.55,46.75,46.50
2020-08-12,41.00,41.40,41.45,40.85
2020-08-13,41.20,41.30,41.60,41.00
2020-08-14,42.85,41.30,43.00,41.25
2020-08-17,43.35,43.25,43.85,43.20
2020-08-18,44.00,43.45,44.30,43.45
2020-08-19,44.35,44.00,44.70,43.95
2020-08-20,43.50,44.45,45.00,43.00
2020-08-21,44.25,44.20,44.50,43.75
2020-08-24,44.05,44.25,44.30,43.70
2020-08-25,44.10,44.40,44.40,44.00
2020-08-26,44.10,44.10,44.15,43.85
2020-08-27,43.85,44.10,44.10,43.70
2020-08-28,43.50,43.85,44.00,43.10
2020-08-31,42.90,43.80,43.90,42.90
2020-09-01,42.75,43.20,43.20,42.55
2020-09-02,42.65,43.00,43.20,42.25
2020-09-03,42.70,42.65,43.00,42.40
2020-09-04,42.20,42.30,42.30,42.05
2020-09-07,42.70,42.05,42.70,42.00
2020-09-08,42.70,43.00,43.10,42.65
2020-09-09,42.55,42.15,42.60,42.00
2020-09-10,42.45,42.60,42.70,42.10
2020-09-11,42.30,42.45,42.45,42.20
2020-09-14,42.95,42.35,42.95,42.30
2020-09-15,42.70,42.95,42.95,42.50
2020-09-16,42.85,42.65,42.90,42.60
2020-09-17,42.55,42.85,43.00,42.45
2020-09-18,42.50,42.55,42.65,42.35
2020-09-21,42.25,42.35,42.50,42.20
2020-09-22,41.80,42.15,42.15,41.60
2020-09-23,41.00,41.80,41.80,40.90
2020-09-24,40.05,40.40,40.50,40.00
2020-09-25,40.55,40.50,40.75,40.20
2020-09-28,40.95,40.75,40.95,40.65
2020-09-29,41.20,41.20,41.60,41.00
2020-09-30,41.40,41.60,41.80,41.25
2020-10-05,41.00,41.50,41.65,41.00
2020-10-06,41.40,41.30,41.45,41.15
2020-10-07,41.15,41.45,41.50,41.00
2020-10-08,41.15,41.30,41.35,40.95
2020-10-12,40.95,41.15,41.30,40.70
2020-10-13,40.50,40.75,40.90,40.35
2020-10-14,40.50,40.75,40.95,40.50
2020-10-15,40.30,40.45,40.45,40.15
2020-10-16,40.30,40.25,40.50,40.25
2020-10-19,40.45,40.60,40.75,40.45
2020-10-20,40.35,40.50,40.60,40.20
2020-10-21,40.30,40.50,40.60,40.30
2020-10-22,41.00,40.30,41.00,40.30
2020-10-23,40.65,41.05,41.10,40.55
2020-11-02,40.60,40.45,40.60,40.45
2020-11-03,40.95,40.70,40.95,40.60
2020-11-04,40.90,40.85,41.00,40.75
2020-11-05,41.05,41.00,41.15,40.85
2020-11-06,40.85,41.05,41.10,40.75
